2026/03/31 00:37:02 - mmengine - INFO - 
------------------------------------------------------------
System environment:
    sys.platform: linux
    Python: 3.8.4 | packaged by conda-forge | (default, Jul 17 2020, 15:16:46) [GCC 7.5.0]
    CUDA available: True
    MUSA available: False
    numpy_random_seed: 21
    GPU 0: NVIDIA GeForce RTX 2080 Ti
    CUDA_HOME: /usr
    NVCC: Cuda compilation tools, release 12.0, V12.0.140
    GCC: gcc (Ubuntu 13.3.0-6ubuntu2~24.04.1) 13.3.0
    PyTorch: 2.4.1+cu121
    PyTorch compiling details: PyTorch built with:
  - GCC 9.3
  - C++ Version: 201703
  - Intel(R) oneAPI Math Kernel Library Version 2022.2-Product Build 20220804 for Intel(R) 64 architecture applications
  - Intel(R) MKL-DNN v3.4.2 (Git Hash 1137e04ec0b5251ca2b4400a4fd3c667ce843d67)
  - OpenMP 201511 (a.k.a. OpenMP 4.5)
  - LAPACK is enabled (usually provided by MKL)
  - NNPACK is enabled
  - CPU capability usage: AVX2
  - CUDA Runtime 12.1
  - NVCC architecture flags: -gencode;arch=compute_50,code=sm_50;-gencode;arch=compute_60,code=sm_60;-gencode;arch=compute_70,code=sm_70;-gencode;arch=compute_75,code=sm_75;-gencode;arch=compute_80,code=sm_80;-gencode;arch=compute_86,code=sm_86;-gencode;arch=compute_90,code=sm_90
  - CuDNN 90.1  (built against CUDA 12.4)
  - Magma 2.6.1
  - Build settings: BLAS_INFO=mkl, BUILD_TYPE=Release, CUDA_VERSION=12.1, CUDNN_VERSION=9.1.0, CXX_COMPILER=/opt/rh/devtoolset-9/root/usr/bin/c++, CXX_FLAGS= -D_GLIBCXX_USE_CXX11_ABI=0 -fabi-version=11 -fvisibility-inlines-hidden -DUSE_PTHREADPOOL -DNDEBUG -DUSE_KINETO -DLIBKINETO_NOROCTRACER -DUSE_FBGEMM -DUSE_PYTORCH_QNNPACK -DUSE_XNNPACK -DSYMBOLICATE_MOBILE_DEBUG_HANDLE -O2 -fPIC -Wall -Wextra -Werror=return-type -Werror=non-virtual-dtor -Werror=bool-operation -Wnarrowing -Wno-missing-field-initializers -Wno-type-limits -Wno-array-bounds -Wno-unknown-pragmas -Wno-unused-parameter -Wno-unused-function -Wno-unused-result -Wno-strict-overflow -Wno-strict-aliasing -Wno-stringop-overflow -Wsuggest-override -Wno-psabi -Wno-error=pedantic -Wno-error=old-style-cast -Wno-missing-braces -fdiagnostics-color=always -faligned-new -Wno-unused-but-set-variable -Wno-maybe-uninitialized -fno-math-errno -fno-trapping-math -Werror=format -Wno-stringop-overflow, LAPACK_INFO=mkl, PERF_WITH_AVX=1, PERF_WITH_AVX2=1, PERF_WITH_AVX512=1, TORCH_VERSION=2.4.1, USE_CUDA=ON, USE_CUDNN=ON, USE_CUSPARSELT=1, USE_EXCEPTION_PTR=1, USE_GFLAGS=OFF, USE_GLOG=OFF, USE_GLOO=ON, USE_MKL=ON, USE_MKLDNN=ON, USE_MPI=OFF, USE_NCCL=1, USE_NNPACK=ON, USE_OPENMP=ON, USE_ROCM=OFF, USE_ROCM_KERNEL_ASSERT=OFF, 

    TorchVision: 0.19.1+cu121
    OpenCV: 4.13.0
    MMEngine: 0.10.7

Runtime environment:
    cudnn_benchmark: False
    mp_cfg: {'mp_start_method': 'fork', 'opencv_num_threads': 0}
    dist_cfg: {'backend': 'nccl'}
    seed: 21
    Distributed launcher: none
    Distributed training: False
    GPU number: 1
------------------------------------------------------------

2026/03/31 00:37:02 - mmengine - INFO - Config:
auto_scale_lr = dict(base_batch_size=1024)
backend_args = dict(backend='local')
base_lr = 0.004
codec = dict(
    input_size=(
        192,
        256,
    ),
    normalize=False,
    sigma=(
        4.9,
        5.66,
    ),
    simcc_split_ratio=2.0,
    type='SimCCLabel',
    use_dark=False)
custom_hooks = [
    dict(
        ema_type='ExpMomentumEMA',
        momentum=0.0002,
        priority=49,
        type='EMAHook',
        update_buffers=True),
    dict(
        switch_epoch=390,
        switch_pipeline=[
            dict(backend_args=dict(backend='local'), type='LoadImage'),
            dict(type='GetBBoxCenterScale'),
            dict(direction='horizontal', type='RandomFlip'),
            dict(type='RandomHalfBody'),
            dict(
                rotate_factor=60,
                scale_factor=[
                    0.75,
                    1.25,
                ],
                shift_factor=0.0,
                type='RandomBBoxTransform'),
            dict(input_size=(
                192,
                256,
            ), type='TopdownAffine'),
            dict(type='mmdet.YOLOXHSVRandomAug'),
            dict(
                transforms=[
                    dict(p=0.1, type='Blur'),
                    dict(p=0.1, type='MedianBlur'),
                    dict(
                        max_height=0.4,
                        max_holes=1,
                        max_width=0.4,
                        min_height=0.2,
                        min_holes=1,
                        min_width=0.2,
                        p=0.5,
                        type='CoarseDropout'),
                ],
                type='Albumentation'),
            dict(
                encoder=dict(
                    input_size=(
                        192,
                        256,
                    ),
                    normalize=False,
                    sigma=(
                        4.9,
                        5.66,
                    ),
                    simcc_split_ratio=2.0,
                    type='SimCCLabel',
                    use_dark=False),
                type='GenerateTarget'),
            dict(type='PackPoseInputs'),
        ],
        type='mmdet.PipelineSwitchHook'),
]
data_mode = 'topdown'
data_root = '/home/tvem/anime/AniPose2/link-to-anime'
dataset_type = 'CocoDataset'
default_hooks = dict(
    checkpoint=dict(
        interval=5,
        max_keep_ckpts=3,
        rule='greater',
        save_best='coco/AP',
        type='CheckpointHook'),
    logger=dict(interval=10, type='LoggerHook'),
    param_scheduler=dict(type='ParamSchedulerHook'),
    sampler_seed=dict(type='DistSamplerSeedHook'),
    timer=dict(type='IterTimerHook'))
default_scope = 'mmpose'
env_cfg = dict(
    cudnn_benchmark=False,
    dist_cfg=dict(backend='nccl'),
    mp_cfg=dict(mp_start_method='fork', opencv_num_threads=0))
load_from = None
log_level = 'INFO'
log_processor = dict(
    by_epoch=True, num_digits=6, type='LogProcessor', window_size=50)
max_epochs = 420
model = dict(
    backbone=dict(
        _scope_='mmdet',
        act_cfg=dict(type='SiLU'),
        arch='P5',
        channel_attention=True,
        deepen_factor=1.0,
        expand_ratio=0.5,
        init_cfg=dict(
            checkpoint=
            'https://download.openmmlab.com/mmpose/v1/projects/rtmposev1/cspnext-l_udp-aic-coco_210e-256x192-273b7631_20230130.pth',
            prefix='backbone.',
            type='Pretrained'),
        norm_cfg=dict(type='SyncBN'),
        out_indices=(4, ),
        type='CSPNeXt',
        widen_factor=1.0),
    data_preprocessor=dict(
        bgr_to_rgb=True,
        mean=[
            123.675,
            116.28,
            103.53,
        ],
        std=[
            58.395,
            57.12,
            57.375,
        ],
        type='PoseDataPreprocessor'),
    head=dict(
        decoder=dict(
            input_size=(
                192,
                256,
            ),
            sigma=6.0,
            simcc_split_ratio=2.0,
            smoothing_type='gaussian',
            type='SimCCLabel'),
        final_layer_kernel_size=7,
        gau_cfg=dict(
            act_fn='SiLU',
            drop_path=0.0,
            dropout_rate=0.0,
            expansion_factor=2,
            hidden_dims=256,
            pos_enc=False,
            s=128,
            use_rel_bias=False),
        in_channels=1024,
        in_featuremap_size=(
            6,
            8,
        ),
        input_size=(
            192,
            256,
        ),
        loss=dict(
            beta=10.0,
            label_softmax=True,
            type='KLDiscretLoss',
            use_target_weight=True),
        out_channels=17,
        simcc_split_ratio=2.0,
        type='RTMCCHead'),
    test_cfg=dict(flip_test=True),
    type='TopdownPoseEstimator')
optim_wrapper = dict(
    optimizer=dict(
        betas=(
            0.9,
            0.999,
        ), lr=0.0005, type='AdamW', weight_decay=0.01),
    paramwise_cfg=dict(
        bias_decay_mult=0, bypass_duplicate=True, norm_decay_mult=0),
    type='OptimWrapper')
param_scheduler = [
    dict(
        begin=0, by_epoch=False, end=500, start_factor=0.001, type='LinearLR'),
    dict(gamma=0.1, milestones=[
        7,
        9,
    ], type='MultiStepLR'),
]
randomness = dict(seed=21)
resume = False
stage2_num_epochs = 30
test_cfg = dict()
test_dataloader = dict(
    batch_size=8,
    dataset=dict(
        ann_file='/home/tvem/anime/AniPose2/anime_coco_val.json',
        data_prefix=dict(img=''),
        data_root='/home/tvem/anime/AniPose2/link-to-anime',
        metainfo=dict(
            from_file=
            '/home/tvem/anime/AniPose2/mmpose/configs/_base_/datasets/coco.py'
        ),
        pipeline=[
            dict(file_client_args=dict(backend='disk'), type='LoadImage'),
            dict(type='GetBBoxCenterScale'),
            dict(input_size=(
                192,
                256,
            ), type='TopdownAffine', use_udp=True),
            dict(type='PackPoseInputs'),
        ],
        test_mode=True,
        type='CocoDataset'),
    num_workers=4,
    persistent_workers=True,
    sampler=dict(shuffle=False, type='DefaultSampler'))
test_evaluator = dict(
    ann_file='/home/tvem/anime/AniPose2/anime_coco_val.json',
    nms_mode='none',
    score_mode='keypoint',
    type='CocoMetric')
train_cfg = dict(max_epochs=10, type='EpochBasedTrainLoop', val_interval=5)
train_dataloader = dict(
    batch_size=8,
    dataset=dict(
        ann_file='/home/tvem/anime/AniPose2/anime_coco_train.json',
        data_prefix=dict(img=''),
        data_root='/home/tvem/anime/AniPose2/link-to-anime',
        metainfo=dict(
            from_file=
            '/home/tvem/anime/AniPose2/mmpose/configs/_base_/datasets/coco.py'
        ),
        pipeline=[
            dict(file_client_args=dict(backend='disk'), type='LoadImage'),
            dict(type='GetBBoxCenterScale'),
            dict(direction='horizontal', prob=0.5, type='RandomFlip'),
            dict(
                scale_factor=[
                    0.75,
                    1.25,
                ],
                shift_factor=0.1,
                type='RandomBBoxTransform'),
            dict(input_size=(
                192,
                256,
            ), type='TopdownAffine', use_udp=True),
            dict(
                encoder=dict(
                    input_size=(
                        192,
                        256,
                    ),
                    label_smooth_weight=0.0,
                    sigma=6.0,
                    simcc_split_ratio=2.0,
                    smoothing_type='gaussian',
                    type='SimCCLabel'),
                type='GenerateTarget'),
            dict(type='PackPoseInputs'),
        ],
        type='CocoDataset'),
    num_workers=4,
    persistent_workers=True,
    sampler=dict(shuffle=True, type='DefaultSampler'))
train_pipeline = [
    dict(backend_args=dict(backend='local'), type='LoadImage'),
    dict(type='GetBBoxCenterScale'),
    dict(direction='horizontal', type='RandomFlip'),
    dict(type='RandomHalfBody'),
    dict(
        rotate_factor=80,
        scale_factor=[
            0.6,
            1.4,
        ],
        type='RandomBBoxTransform'),
    dict(input_size=(
        192,
        256,
    ), type='TopdownAffine'),
    dict(type='mmdet.YOLOXHSVRandomAug'),
    dict(
        transforms=[
            dict(p=0.1, type='Blur'),
            dict(p=0.1, type='MedianBlur'),
            dict(
                max_height=0.4,
                max_holes=1,
                max_width=0.4,
                min_height=0.2,
                min_holes=1,
                min_width=0.2,
                p=1.0,
                type='CoarseDropout'),
        ],
        type='Albumentation'),
    dict(
        encoder=dict(
            input_size=(
                192,
                256,
            ),
            normalize=False,
            sigma=(
                4.9,
                5.66,
            ),
            simcc_split_ratio=2.0,
            type='SimCCLabel',
            use_dark=False),
        type='GenerateTarget'),
    dict(type='PackPoseInputs'),
]
train_pipeline_stage2 = [
    dict(backend_args=dict(backend='local'), type='LoadImage'),
    dict(type='GetBBoxCenterScale'),
    dict(direction='horizontal', type='RandomFlip'),
    dict(type='RandomHalfBody'),
    dict(
        rotate_factor=60,
        scale_factor=[
            0.75,
            1.25,
        ],
        shift_factor=0.0,
        type='RandomBBoxTransform'),
    dict(input_size=(
        192,
        256,
    ), type='TopdownAffine'),
    dict(type='mmdet.YOLOXHSVRandomAug'),
    dict(
        transforms=[
            dict(p=0.1, type='Blur'),
            dict(p=0.1, type='MedianBlur'),
            dict(
                max_height=0.4,
                max_holes=1,
                max_width=0.4,
                min_height=0.2,
                min_holes=1,
                min_width=0.2,
                p=0.5,
                type='CoarseDropout'),
        ],
        type='Albumentation'),
    dict(
        encoder=dict(
            input_size=(
                192,
                256,
            ),
            normalize=False,
            sigma=(
                4.9,
                5.66,
            ),
            simcc_split_ratio=2.0,
            type='SimCCLabel',
            use_dark=False),
        type='GenerateTarget'),
    dict(type='PackPoseInputs'),
]
val_cfg = dict()
val_dataloader = dict(
    batch_size=8,
    dataset=dict(
        ann_file='/home/tvem/anime/AniPose2/anime_coco_val.json',
        data_prefix=dict(img=''),
        data_root='/home/tvem/anime/AniPose2/link-to-anime',
        metainfo=dict(
            from_file=
            '/home/tvem/anime/AniPose2/mmpose/configs/_base_/datasets/coco.py'
        ),
        pipeline=[
            dict(file_client_args=dict(backend='disk'), type='LoadImage'),
            dict(type='GetBBoxCenterScale'),
            dict(input_size=(
                192,
                256,
            ), type='TopdownAffine', use_udp=True),
            dict(type='PackPoseInputs'),
        ],
        test_mode=True,
        type='CocoDataset'),
    num_workers=4,
    persistent_workers=True,
    sampler=dict(shuffle=False, type='DefaultSampler'))
val_evaluator = dict(
    ann_file='/home/tvem/anime/AniPose2/anime_coco_val.json',
    nms_mode='none',
    score_mode='keypoint',
    type='CocoMetric')
val_pipeline = [
    dict(backend_args=dict(backend='local'), type='LoadImage'),
    dict(type='GetBBoxCenterScale'),
    dict(input_size=(
        192,
        256,
    ), type='TopdownAffine'),
    dict(type='PackPoseInputs'),
]
vis_backends = [
    dict(type='LocalVisBackend'),
]
visualizer = dict(
    name='visualizer',
    type='PoseLocalVisualizer',
    vis_backends=[
        dict(type='LocalVisBackend'),
    ])
work_dir = './work_dirs/anime_rtmpose_large'

2026/03/31 00:37:04 - mmengine - INFO - Distributed training is not used, all SyncBatchNorm (SyncBN) layers in the model will be automatically reverted to BatchNormXd layers if they are used.
2026/03/31 00:37:04 - mmengine - INFO - Hooks will be executed in the following order:
before_run:
(VERY_HIGH   ) RuntimeInfoHook                    
(49          ) EMAHook                            
(BELOW_NORMAL) LoggerHook                         
 -------------------- 
after_load_checkpoint:
(49          ) EMAHook                            
 -------------------- 
before_train:
(VERY_HIGH   ) RuntimeInfoHook                    
(49          ) EMAHook                            
(NORMAL      ) IterTimerHook                      
(VERY_LOW    ) CheckpointHook                     
 -------------------- 
before_train_epoch:
(VERY_HIGH   ) RuntimeInfoHook                    
(NORMAL      ) IterTimerHook                      
(NORMAL      ) DistSamplerSeedHook                
(NORMAL      ) PipelineSwitchHook                 
 -------------------- 
before_train_iter:
(VERY_HIGH   ) RuntimeInfoHook                    
(NORMAL      ) IterTimerHook                      
 -------------------- 
after_train_iter:
(VERY_HIGH   ) RuntimeInfoHook                    
(49          ) EMAHook                            
(NORMAL      ) IterTimerHook                      
(BELOW_NORMAL) LoggerHook                         
(LOW         ) ParamSchedulerHook                 
(VERY_LOW    ) CheckpointHook                     
 -------------------- 
after_train_epoch:
(NORMAL      ) IterTimerHook                      
(LOW         ) ParamSchedulerHook                 
(VERY_LOW    ) CheckpointHook                     
 -------------------- 
before_val:
(VERY_HIGH   ) RuntimeInfoHook                    
 -------------------- 
before_val_epoch:
(49          ) EMAHook                            
(NORMAL      ) IterTimerHook                      
 -------------------- 
before_val_iter:
(NORMAL      ) IterTimerHook                      
 -------------------- 
after_val_iter:
(NORMAL      ) IterTimerHook                      
(BELOW_NORMAL) LoggerHook                         
 -------------------- 
after_val_epoch:
(VERY_HIGH   ) RuntimeInfoHook                    
(49          ) EMAHook                            
(NORMAL      ) IterTimerHook                      
(BELOW_NORMAL) LoggerHook                         
(LOW         ) ParamSchedulerHook                 
(VERY_LOW    ) CheckpointHook                     
 -------------------- 
after_val:
(VERY_HIGH   ) RuntimeInfoHook                    
 -------------------- 
before_save_checkpoint:
(49          ) EMAHook                            
 -------------------- 
after_train:
(VERY_HIGH   ) RuntimeInfoHook                    
(VERY_LOW    ) CheckpointHook                     
 -------------------- 
before_test:
(VERY_HIGH   ) RuntimeInfoHook                    
 -------------------- 
before_test_epoch:
(49          ) EMAHook                            
(NORMAL      ) IterTimerHook                      
 -------------------- 
before_test_iter:
(NORMAL      ) IterTimerHook                      
 -------------------- 
after_test_iter:
(NORMAL      ) IterTimerHook                      
(BELOW_NORMAL) LoggerHook                         
 -------------------- 
after_test_epoch:
(VERY_HIGH   ) RuntimeInfoHook                    
(49          ) EMAHook                            
(NORMAL      ) IterTimerHook                      
(BELOW_NORMAL) LoggerHook                         
 -------------------- 
after_test:
(VERY_HIGH   ) RuntimeInfoHook                    
 -------------------- 
after_run:
(BELOW_NORMAL) LoggerHook                         
 -------------------- 
2026/03/31 00:37:05 - mmengine - INFO - paramwise_options -- backbone.stem.0.bn.weight:weight_decay=0.0
2026/03/31 00:37:05 - mmengine - INFO - paramwise_options -- backbone.stem.0.bn.bias:weight_decay=0.0
2026/03/31 00:37:05 - mmengine - INFO - paramwise_options -- backbone.stem.1.bn.weight:weight_decay=0.0
2026/03/31 00:37:05 - mmengine - INFO - paramwise_options -- backbone.stem.1.bn.bias:weight_decay=0.0
2026/03/31 00:37:05 - mmengine - INFO - paramwise_options -- backbone.stem.2.bn.weight:weight_decay=0.0
2026/03/31 00:37:05 - mmengine - INFO - paramwise_options -- backbone.stem.2.bn.bias:weight_decay=0.0
2026/03/31 00:37:05 - mmengine - INFO - paramwise_options -- backbone.stage1.0.bn.weight:weight_decay=0.0
2026/03/31 00:37:05 - mmengine - INFO - paramwise_options -- backbone.stage1.0.bn.bias:weight_decay=0.0
2026/03/31 00:37:05 - mmengine - INFO - paramwise_options -- backbone.stage1.1.main_conv.bn.weight:weight_decay=0.0
2026/03/31 00:37:05 - mmengine - INFO - paramwise_options -- backbone.stage1.1.main_conv.bn.bias:weight_decay=0.0
2026/03/31 00:37:05 - mmengine - INFO - paramwise_options -- backbone.stage1.1.short_conv.bn.weight:weight_decay=0.0
2026/03/31 00:37:05 - mmengine - INFO - paramwise_options -- backbone.stage1.1.short_conv.bn.bias:weight_decay=0.0
2026/03/31 00:37:05 - mmengine - INFO - paramwise_options -- backbone.stage1.1.final_conv.bn.weight:weight_decay=0.0
2026/03/31 00:37:05 - mmengine - INFO - paramwise_options -- backbone.stage1.1.final_conv.bn.bias:weight_decay=0.0
2026/03/31 00:37:05 - mmengine - INFO - paramwise_options -- backbone.stage1.1.blocks.0.conv1.bn.weight:weight_decay=0.0
2026/03/31 00:37:05 - mmengine - INFO - paramwise_options -- backbone.stage1.1.blocks.0.conv1.bn.bias:weight_decay=0.0
2026/03/31 00:37:05 - mmengine - INFO - paramwise_options -- backbone.stage1.1.blocks.0.conv2.depthwise_conv.bn.weight:weight_decay=0.0
2026/03/31 00:37:05 - mmengine - INFO - paramwise_options -- backbone.stage1.1.blocks.0.conv2.depthwise_conv.bn.bias:weight_decay=0.0
2026/03/31 00:37:05 - mmengine - INFO - paramwise_options -- backbone.stage1.1.blocks.0.conv2.pointwise_conv.bn.weight:weight_decay=0.0
2026/03/31 00:37:05 - mmengine - INFO - paramwise_options -- backbone.stage1.1.blocks.0.conv2.pointwise_conv.bn.bias:weight_decay=0.0
2026/03/31 00:37:05 - mmengine - INFO - paramwise_options -- backbone.stage1.1.blocks.1.conv1.bn.weight:weight_decay=0.0
2026/03/31 00:37:05 - mmengine - INFO - paramwise_options -- backbone.stage1.1.blocks.1.conv1.bn.bias:weight_decay=0.0
2026/03/31 00:37:05 - mmengine - INFO - paramwise_options -- backbone.stage1.1.blocks.1.conv2.depthwise_conv.bn.weight:weight_decay=0.0
2026/03/31 00:37:05 - mmengine - INFO - paramwise_options -- backbone.stage1.1.blocks.1.conv2.depthwise_conv.bn.bias:weight_decay=0.0
2026/03/31 00:37:05 - mmengine - INFO - paramwise_options -- backbone.stage1.1.blocks.1.conv2.pointwise_conv.bn.weight:weight_decay=0.0
2026/03/31 00:37:05 - mmengine - INFO - paramwise_options -- backbone.stage1.1.blocks.1.conv2.pointwise_conv.bn.bias:weight_decay=0.0
2026/03/31 00:37:05 - mmengine - INFO - paramwise_options -- backbone.stage1.1.blocks.2.conv1.bn.weight:weight_decay=0.0
2026/03/31 00:37:05 - mmengine - INFO - paramwise_options -- backbone.stage1.1.blocks.2.conv1.bn.bias:weight_decay=0.0
2026/03/31 00:37:05 - mmengine - INFO - paramwise_options -- backbone.stage1.1.blocks.2.conv2.depthwise_conv.bn.weight:weight_decay=0.0
2026/03/31 00:37:05 - mmengine - INFO - paramwise_options -- backbone.stage1.1.blocks.2.conv2.depthwise_conv.bn.bias:weight_decay=0.0
2026/03/31 00:37:05 - mmengine - INFO - paramwise_options -- backbone.stage1.1.blocks.2.conv2.pointwise_conv.bn.weight:weight_decay=0.0
2026/03/31 00:37:05 - mmengine - INFO - paramwise_options -- backbone.stage1.1.blocks.2.conv2.pointwise_conv.bn.bias:weight_decay=0.0
2026/03/31 00:37:05 - mmengine - INFO - paramwise_options -- backbone.stage1.1.attention.fc.bias:weight_decay=0.0
2026/03/31 00:37:05 - mmengine - INFO - paramwise_options -- backbone.stage2.0.bn.weight:weight_decay=0.0
2026/03/31 00:37:05 - mmengine - INFO - paramwise_options -- backbone.stage2.0.bn.bias:weight_decay=0.0
2026/03/31 00:37:05 - mmengine - INFO - paramwise_options -- backbone.stage2.1.main_conv.bn.weight:weight_decay=0.0
2026/03/31 00:37:05 - mmengine - INFO - paramwise_options -- backbone.stage2.1.main_conv.bn.bias:weight_decay=0.0
2026/03/31 00:37:05 - mmengine - INFO - paramwise_options -- backbone.stage2.1.short_conv.bn.weight:weight_decay=0.0
2026/03/31 00:37:05 - mmengine - INFO - paramwise_options -- backbone.stage2.1.short_conv.bn.bias:weight_decay=0.0
2026/03/31 00:37:05 - mmengine - INFO - paramwise_options -- backbone.stage2.1.final_conv.bn.weight:weight_decay=0.0
2026/03/31 00:37:05 - mmengine - INFO - paramwise_options -- backbone.stage2.1.final_conv.bn.bias:weight_decay=0.0
2026/03/31 00:37:05 - mmengine - INFO - paramwise_options -- backbone.stage2.1.blocks.0.conv1.bn.weight:weight_decay=0.0
2026/03/31 00:37:05 - mmengine - INFO - paramwise_options -- backbone.stage2.1.blocks.0.conv1.bn.bias:weight_decay=0.0
2026/03/31 00:37:05 - mmengine - INFO - paramwise_options -- backbone.stage2.1.blocks.0.conv2.depthwise_conv.bn.weight:weight_decay=0.0
2026/03/31 00:37:05 - mmengine - INFO - paramwise_options -- backbone.stage2.1.blocks.0.conv2.depthwise_conv.bn.bias:weight_decay=0.0
2026/03/31 00:37:05 - mmengine - INFO - paramwise_options -- backbone.stage2.1.blocks.0.conv2.pointwise_conv.bn.weight:weight_decay=0.0
2026/03/31 00:37:05 - mmengine - INFO - paramwise_options -- backbone.stage2.1.blocks.0.conv2.pointwise_conv.bn.bias:weight_decay=0.0
2026/03/31 00:37:05 - mmengine - INFO - paramwise_options -- backbone.stage2.1.blocks.1.conv1.bn.weight:weight_decay=0.0
2026/03/31 00:37:05 - mmengine - INFO - paramwise_options -- backbone.stage2.1.blocks.1.conv1.bn.bias:weight_decay=0.0
2026/03/31 00:37:05 - mmengine - INFO - paramwise_options -- backbone.stage2.1.blocks.1.conv2.depthwise_conv.bn.weight:weight_decay=0.0
2026/03/31 00:37:05 - mmengine - INFO - paramwise_options -- backbone.stage2.1.blocks.1.conv2.depthwise_conv.bn.bias:weight_decay=0.0
2026/03/31 00:37:05 - mmengine - INFO - paramwise_options -- backbone.stage2.1.blocks.1.conv2.pointwise_conv.bn.weight:weight_decay=0.0
2026/03/31 00:37:05 - mmengine - INFO - paramwise_options -- backbone.stage2.1.blocks.1.conv2.pointwise_conv.bn.bias:weight_decay=0.0
2026/03/31 00:37:05 - mmengine - INFO - paramwise_options -- backbone.stage2.1.blocks.2.conv1.bn.weight:weight_decay=0.0
2026/03/31 00:37:05 - mmengine - INFO - paramwise_options -- backbone.stage2.1.blocks.2.conv1.bn.bias:weight_decay=0.0
2026/03/31 00:37:05 - mmengine - INFO - paramwise_options -- backbone.stage2.1.blocks.2.conv2.depthwise_conv.bn.weight:weight_decay=0.0
2026/03/31 00:37:05 - mmengine - INFO - paramwise_options -- backbone.stage2.1.blocks.2.conv2.depthwise_conv.bn.bias:weight_decay=0.0
2026/03/31 00:37:05 - mmengine - INFO - paramwise_options -- backbone.stage2.1.blocks.2.conv2.pointwise_conv.bn.weight:weight_decay=0.0
2026/03/31 00:37:05 - mmengine - INFO - paramwise_options -- backbone.stage2.1.blocks.2.conv2.pointwise_conv.bn.bias:weight_decay=0.0
2026/03/31 00:37:05 - mmengine - INFO - paramwise_options -- backbone.stage2.1.blocks.3.conv1.bn.weight:weight_decay=0.0
2026/03/31 00:37:05 - mmengine - INFO - paramwise_options -- backbone.stage2.1.blocks.3.conv1.bn.bias:weight_decay=0.0
2026/03/31 00:37:05 - mmengine - INFO - paramwise_options -- backbone.stage2.1.blocks.3.conv2.depthwise_conv.bn.weight:weight_decay=0.0
2026/03/31 00:37:05 - mmengine - INFO - paramwise_options -- backbone.stage2.1.blocks.3.conv2.depthwise_conv.bn.bias:weight_decay=0.0
2026/03/31 00:37:05 - mmengine - INFO - paramwise_options -- backbone.stage2.1.blocks.3.conv2.pointwise_conv.bn.weight:weight_decay=0.0
2026/03/31 00:37:05 - mmengine - INFO - paramwise_options -- backbone.stage2.1.blocks.3.conv2.pointwise_conv.bn.bias:weight_decay=0.0
2026/03/31 00:37:05 - mmengine - INFO - paramwise_options -- backbone.stage2.1.blocks.4.conv1.bn.weight:weight_decay=0.0
2026/03/31 00:37:05 - mmengine - INFO - paramwise_options -- backbone.stage2.1.blocks.4.conv1.bn.bias:weight_decay=0.0
2026/03/31 00:37:05 - mmengine - INFO - paramwise_options -- backbone.stage2.1.blocks.4.conv2.depthwise_conv.bn.weight:weight_decay=0.0
2026/03/31 00:37:05 - mmengine - INFO - paramwise_options -- backbone.stage2.1.blocks.4.conv2.depthwise_conv.bn.bias:weight_decay=0.0
2026/03/31 00:37:05 - mmengine - INFO - paramwise_options -- backbone.stage2.1.blocks.4.conv2.pointwise_conv.bn.weight:weight_decay=0.0
2026/03/31 00:37:05 - mmengine - INFO - paramwise_options -- backbone.stage2.1.blocks.4.conv2.pointwise_conv.bn.bias:weight_decay=0.0
2026/03/31 00:37:05 - mmengine - INFO - paramwise_options -- backbone.stage2.1.blocks.5.conv1.bn.weight:weight_decay=0.0
2026/03/31 00:37:05 - mmengine - INFO - paramwise_options -- backbone.stage2.1.blocks.5.conv1.bn.bias:weight_decay=0.0
2026/03/31 00:37:05 - mmengine - INFO - paramwise_options -- backbone.stage2.1.blocks.5.conv2.depthwise_conv.bn.weight:weight_decay=0.0
2026/03/31 00:37:05 - mmengine - INFO - paramwise_options -- backbone.stage2.1.blocks.5.conv2.depthwise_conv.bn.bias:weight_decay=0.0
2026/03/31 00:37:05 - mmengine - INFO - paramwise_options -- backbone.stage2.1.blocks.5.conv2.pointwise_conv.bn.weight:weight_decay=0.0
2026/03/31 00:37:05 - mmengine - INFO - paramwise_options -- backbone.stage2.1.blocks.5.conv2.pointwise_conv.bn.bias:weight_decay=0.0
2026/03/31 00:37:05 - mmengine - INFO - paramwise_options -- backbone.stage2.1.attention.fc.bias:weight_decay=0.0
2026/03/31 00:37:05 - mmengine - INFO - paramwise_options -- backbone.stage3.0.bn.weight:weight_decay=0.0
2026/03/31 00:37:05 - mmengine - INFO - paramwise_options -- backbone.stage3.0.bn.bias:weight_decay=0.0
2026/03/31 00:37:05 - mmengine - INFO - paramwise_options -- backbone.stage3.1.main_conv.bn.weight:weight_decay=0.0
2026/03/31 00:37:05 - mmengine - INFO - paramwise_options -- backbone.stage3.1.main_conv.bn.bias:weight_decay=0.0
2026/03/31 00:37:05 - mmengine - INFO - paramwise_options -- backbone.stage3.1.short_conv.bn.weight:weight_decay=0.0
2026/03/31 00:37:05 - mmengine - INFO - paramwise_options -- backbone.stage3.1.short_conv.bn.bias:weight_decay=0.0
2026/03/31 00:37:05 - mmengine - INFO - paramwise_options -- backbone.stage3.1.final_conv.bn.weight:weight_decay=0.0
2026/03/31 00:37:05 - mmengine - INFO - paramwise_options -- backbone.stage3.1.final_conv.bn.bias:weight_decay=0.0
2026/03/31 00:37:05 - mmengine - INFO - paramwise_options -- backbone.stage3.1.blocks.0.conv1.bn.weight:weight_decay=0.0
2026/03/31 00:37:05 - mmengine - INFO - paramwise_options -- backbone.stage3.1.blocks.0.conv1.bn.bias:weight_decay=0.0
2026/03/31 00:37:05 - mmengine - INFO - paramwise_options -- backbone.stage3.1.blocks.0.conv2.depthwise_conv.bn.weight:weight_decay=0.0
2026/03/31 00:37:05 - mmengine - INFO - paramwise_options -- backbone.stage3.1.blocks.0.conv2.depthwise_conv.bn.bias:weight_decay=0.0
2026/03/31 00:37:05 - mmengine - INFO - paramwise_options -- backbone.stage3.1.blocks.0.conv2.pointwise_conv.bn.weight:weight_decay=0.0
2026/03/31 00:37:05 - mmengine - INFO - paramwise_options -- backbone.stage3.1.blocks.0.conv2.pointwise_conv.bn.bias:weight_decay=0.0
2026/03/31 00:37:05 - mmengine - INFO - paramwise_options -- backbone.stage3.1.blocks.1.conv1.bn.weight:weight_decay=0.0
2026/03/31 00:37:05 - mmengine - INFO - paramwise_options -- backbone.stage3.1.blocks.1.conv1.bn.bias:weight_decay=0.0
2026/03/31 00:37:05 - mmengine - INFO - paramwise_options -- backbone.stage3.1.blocks.1.conv2.depthwise_conv.bn.weight:weight_decay=0.0
2026/03/31 00:37:05 - mmengine - INFO - paramwise_options -- backbone.stage3.1.blocks.1.conv2.depthwise_conv.bn.bias:weight_decay=0.0
2026/03/31 00:37:05 - mmengine - INFO - paramwise_options -- backbone.stage3.1.blocks.1.conv2.pointwise_conv.bn.weight:weight_decay=0.0
2026/03/31 00:37:05 - mmengine - INFO - paramwise_options -- backbone.stage3.1.blocks.1.conv2.pointwise_conv.bn.bias:weight_decay=0.0
2026/03/31 00:37:05 - mmengine - INFO - paramwise_options -- backbone.stage3.1.blocks.2.conv1.bn.weight:weight_decay=0.0
2026/03/31 00:37:05 - mmengine - INFO - paramwise_options -- backbone.stage3.1.blocks.2.conv1.bn.bias:weight_decay=0.0
2026/03/31 00:37:05 - mmengine - INFO - paramwise_options -- backbone.stage3.1.blocks.2.conv2.depthwise_conv.bn.weight:weight_decay=0.0
2026/03/31 00:37:05 - mmengine - INFO - paramwise_options -- backbone.stage3.1.blocks.2.conv2.depthwise_conv.bn.bias:weight_decay=0.0
2026/03/31 00:37:05 - mmengine - INFO - paramwise_options -- backbone.stage3.1.blocks.2.conv2.pointwise_conv.bn.weight:weight_decay=0.0
2026/03/31 00:37:05 - mmengine - INFO - paramwise_options -- backbone.stage3.1.blocks.2.conv2.pointwise_conv.bn.bias:weight_decay=0.0
2026/03/31 00:37:05 - mmengine - INFO - paramwise_options -- backbone.stage3.1.blocks.3.conv1.bn.weight:weight_decay=0.0
2026/03/31 00:37:05 - mmengine - INFO - paramwise_options -- backbone.stage3.1.blocks.3.conv1.bn.bias:weight_decay=0.0
2026/03/31 00:37:05 - mmengine - INFO - paramwise_options -- backbone.stage3.1.blocks.3.conv2.depthwise_conv.bn.weight:weight_decay=0.0
2026/03/31 00:37:05 - mmengine - INFO - paramwise_options -- backbone.stage3.1.blocks.3.conv2.depthwise_conv.bn.bias:weight_decay=0.0
2026/03/31 00:37:05 - mmengine - INFO - paramwise_options -- backbone.stage3.1.blocks.3.conv2.pointwise_conv.bn.weight:weight_decay=0.0
2026/03/31 00:37:05 - mmengine - INFO - paramwise_options -- backbone.stage3.1.blocks.3.conv2.pointwise_conv.bn.bias:weight_decay=0.0
2026/03/31 00:37:05 - mmengine - INFO - paramwise_options -- backbone.stage3.1.blocks.4.conv1.bn.weight:weight_decay=0.0
2026/03/31 00:37:05 - mmengine - INFO - paramwise_options -- backbone.stage3.1.blocks.4.conv1.bn.bias:weight_decay=0.0
2026/03/31 00:37:05 - mmengine - INFO - paramwise_options -- backbone.stage3.1.blocks.4.conv2.depthwise_conv.bn.weight:weight_decay=0.0
2026/03/31 00:37:05 - mmengine - INFO - paramwise_options -- backbone.stage3.1.blocks.4.conv2.depthwise_conv.bn.bias:weight_decay=0.0
2026/03/31 00:37:05 - mmengine - INFO - paramwise_options -- backbone.stage3.1.blocks.4.conv2.pointwise_conv.bn.weight:weight_decay=0.0
2026/03/31 00:37:05 - mmengine - INFO - paramwise_options -- backbone.stage3.1.blocks.4.conv2.pointwise_conv.bn.bias:weight_decay=0.0
2026/03/31 00:37:05 - mmengine - INFO - paramwise_options -- backbone.stage3.1.blocks.5.conv1.bn.weight:weight_decay=0.0
2026/03/31 00:37:05 - mmengine - INFO - paramwise_options -- backbone.stage3.1.blocks.5.conv1.bn.bias:weight_decay=0.0
2026/03/31 00:37:05 - mmengine - INFO - paramwise_options -- backbone.stage3.1.blocks.5.conv2.depthwise_conv.bn.weight:weight_decay=0.0
2026/03/31 00:37:05 - mmengine - INFO - paramwise_options -- backbone.stage3.1.blocks.5.conv2.depthwise_conv.bn.bias:weight_decay=0.0
2026/03/31 00:37:05 - mmengine - INFO - paramwise_options -- backbone.stage3.1.blocks.5.conv2.pointwise_conv.bn.weight:weight_decay=0.0
2026/03/31 00:37:05 - mmengine - INFO - paramwise_options -- backbone.stage3.1.blocks.5.conv2.pointwise_conv.bn.bias:weight_decay=0.0
2026/03/31 00:37:05 - mmengine - INFO - paramwise_options -- backbone.stage3.1.attention.fc.bias:weight_decay=0.0
2026/03/31 00:37:05 - mmengine - INFO - paramwise_options -- backbone.stage4.0.bn.weight:weight_decay=0.0
2026/03/31 00:37:05 - mmengine - INFO - paramwise_options -- backbone.stage4.0.bn.bias:weight_decay=0.0
2026/03/31 00:37:05 - mmengine - INFO - paramwise_options -- backbone.stage4.1.conv1.bn.weight:weight_decay=0.0
2026/03/31 00:37:05 - mmengine - INFO - paramwise_options -- backbone.stage4.1.conv1.bn.bias:weight_decay=0.0
2026/03/31 00:37:05 - mmengine - INFO - paramwise_options -- backbone.stage4.1.conv2.bn.weight:weight_decay=0.0
2026/03/31 00:37:05 - mmengine - INFO - paramwise_options -- backbone.stage4.1.conv2.bn.bias:weight_decay=0.0
2026/03/31 00:37:05 - mmengine - INFO - paramwise_options -- backbone.stage4.2.main_conv.bn.weight:weight_decay=0.0
2026/03/31 00:37:05 - mmengine - INFO - paramwise_options -- backbone.stage4.2.main_conv.bn.bias:weight_decay=0.0
2026/03/31 00:37:05 - mmengine - INFO - paramwise_options -- backbone.stage4.2.short_conv.bn.weight:weight_decay=0.0
2026/03/31 00:37:05 - mmengine - INFO - paramwise_options -- backbone.stage4.2.short_conv.bn.bias:weight_decay=0.0
2026/03/31 00:37:05 - mmengine - INFO - paramwise_options -- backbone.stage4.2.final_conv.bn.weight:weight_decay=0.0
2026/03/31 00:37:05 - mmengine - INFO - paramwise_options -- backbone.stage4.2.final_conv.bn.bias:weight_decay=0.0
2026/03/31 00:37:05 - mmengine - INFO - paramwise_options -- backbone.stage4.2.blocks.0.conv1.bn.weight:weight_decay=0.0
2026/03/31 00:37:05 - mmengine - INFO - paramwise_options -- backbone.stage4.2.blocks.0.conv1.bn.bias:weight_decay=0.0
2026/03/31 00:37:05 - mmengine - INFO - paramwise_options -- backbone.stage4.2.blocks.0.conv2.depthwise_conv.bn.weight:weight_decay=0.0
2026/03/31 00:37:05 - mmengine - INFO - paramwise_options -- backbone.stage4.2.blocks.0.conv2.depthwise_conv.bn.bias:weight_decay=0.0
2026/03/31 00:37:05 - mmengine - INFO - paramwise_options -- backbone.stage4.2.blocks.0.conv2.pointwise_conv.bn.weight:weight_decay=0.0
2026/03/31 00:37:05 - mmengine - INFO - paramwise_options -- backbone.stage4.2.blocks.0.conv2.pointwise_conv.bn.bias:weight_decay=0.0
2026/03/31 00:37:05 - mmengine - INFO - paramwise_options -- backbone.stage4.2.blocks.1.conv1.bn.weight:weight_decay=0.0
2026/03/31 00:37:05 - mmengine - INFO - paramwise_options -- backbone.stage4.2.blocks.1.conv1.bn.bias:weight_decay=0.0
2026/03/31 00:37:05 - mmengine - INFO - paramwise_options -- backbone.stage4.2.blocks.1.conv2.depthwise_conv.bn.weight:weight_decay=0.0
2026/03/31 00:37:05 - mmengine - INFO - paramwise_options -- backbone.stage4.2.blocks.1.conv2.depthwise_conv.bn.bias:weight_decay=0.0
2026/03/31 00:37:05 - mmengine - INFO - paramwise_options -- backbone.stage4.2.blocks.1.conv2.pointwise_conv.bn.weight:weight_decay=0.0
2026/03/31 00:37:05 - mmengine - INFO - paramwise_options -- backbone.stage4.2.blocks.1.conv2.pointwise_conv.bn.bias:weight_decay=0.0
2026/03/31 00:37:05 - mmengine - INFO - paramwise_options -- backbone.stage4.2.blocks.2.conv1.bn.weight:weight_decay=0.0
2026/03/31 00:37:05 - mmengine - INFO - paramwise_options -- backbone.stage4.2.blocks.2.conv1.bn.bias:weight_decay=0.0
2026/03/31 00:37:05 - mmengine - INFO - paramwise_options -- backbone.stage4.2.blocks.2.conv2.depthwise_conv.bn.weight:weight_decay=0.0
2026/03/31 00:37:05 - mmengine - INFO - paramwise_options -- backbone.stage4.2.blocks.2.conv2.depthwise_conv.bn.bias:weight_decay=0.0
2026/03/31 00:37:05 - mmengine - INFO - paramwise_options -- backbone.stage4.2.blocks.2.conv2.pointwise_conv.bn.weight:weight_decay=0.0
2026/03/31 00:37:05 - mmengine - INFO - paramwise_options -- backbone.stage4.2.blocks.2.conv2.pointwise_conv.bn.bias:weight_decay=0.0
2026/03/31 00:37:05 - mmengine - INFO - paramwise_options -- backbone.stage4.2.attention.fc.bias:weight_decay=0.0
2026/03/31 00:37:05 - mmengine - INFO - paramwise_options -- head.final_layer.bias:weight_decay=0.0
2026/03/31 00:37:06 - mmengine - INFO - load backbone. in model from: https://download.openmmlab.com/mmpose/v1/projects/rtmposev1/cspnext-l_udp-aic-coco_210e-256x192-273b7631_20230130.pth
Name of parameter - Initialization information

backbone.stem.0.conv.weight - torch.Size([32, 3, 3, 3]): 
PretrainedInit: load from https://download.openmmlab.com/mmpose/v1/projects/rtmposev1/cspnext-l_udp-aic-coco_210e-256x192-273b7631_20230130.pth 

backbone.stem.0.bn.weight - torch.Size([32]): 
PretrainedInit: load from https://download.openmmlab.com/mmpose/v1/projects/rtmposev1/cspnext-l_udp-aic-coco_210e-256x192-273b7631_20230130.pth 

backbone.stem.0.bn.bias - torch.Size([32]): 
PretrainedInit: load from https://download.openmmlab.com/mmpose/v1/projects/rtmposev1/cspnext-l_udp-aic-coco_210e-256x192-273b7631_20230130.pth 

backbone.stem.1.conv.weight - torch.Size([32, 32, 3, 3]): 
PretrainedInit: load from https://download.openmmlab.com/mmpose/v1/projects/rtmposev1/cspnext-l_udp-aic-coco_210e-256x192-273b7631_20230130.pth 

backbone.stem.1.bn.weight - torch.Size([32]): 
PretrainedInit: load from https://download.openmmlab.com/mmpose/v1/projects/rtmposev1/cspnext-l_udp-aic-coco_210e-256x192-273b7631_20230130.pth 

backbone.stem.1.bn.bias - torch.Size([32]): 
PretrainedInit: load from https://download.openmmlab.com/mmpose/v1/projects/rtmposev1/cspnext-l_udp-aic-coco_210e-256x192-273b7631_20230130.pth 

backbone.stem.2.conv.weight - torch.Size([64, 32, 3, 3]): 
PretrainedInit: load from https://download.openmmlab.com/mmpose/v1/projects/rtmposev1/cspnext-l_udp-aic-coco_210e-256x192-273b7631_20230130.pth 

backbone.stem.2.bn.weight - torch.Size([64]): 
PretrainedInit: load from https://download.openmmlab.com/mmpose/v1/projects/rtmposev1/cspnext-l_udp-aic-coco_210e-256x192-273b7631_20230130.pth 

backbone.stem.2.bn.bias - torch.Size([64]): 
PretrainedInit: load from https://download.openmmlab.com/mmpose/v1/projects/rtmposev1/cspnext-l_udp-aic-coco_210e-256x192-273b7631_20230130.pth 

backbone.stage1.0.conv.weight - torch.Size([128, 64, 3, 3]): 
PretrainedInit: load from https://download.openmmlab.com/mmpose/v1/projects/rtmposev1/cspnext-l_udp-aic-coco_210e-256x192-273b7631_20230130.pth 

backbone.stage1.0.bn.weight - torch.Size([128]): 
PretrainedInit: load from https://download.openmmlab.com/mmpose/v1/projects/rtmposev1/cspnext-l_udp-aic-coco_210e-256x192-273b7631_20230130.pth 

backbone.stage1.0.bn.bias - torch.Size([128]): 
PretrainedInit: load from https://download.openmmlab.com/mmpose/v1/projects/rtmposev1/cspnext-l_udp-aic-coco_210e-256x192-273b7631_20230130.pth 

backbone.stage1.1.main_conv.conv.weight - torch.Size([64, 128, 1, 1]): 
PretrainedInit: load from https://download.openmmlab.com/mmpose/v1/projects/rtmposev1/cspnext-l_udp-aic-coco_210e-256x192-273b7631_20230130.pth 

backbone.stage1.1.main_conv.bn.weight - torch.Size([64]): 
PretrainedInit: load from https://download.openmmlab.com/mmpose/v1/projects/rtmposev1/cspnext-l_udp-aic-coco_210e-256x192-273b7631_20230130.pth 

backbone.stage1.1.main_conv.bn.bias - torch.Size([64]): 
PretrainedInit: load from https://download.openmmlab.com/mmpose/v1/projects/rtmposev1/cspnext-l_udp-aic-coco_210e-256x192-273b7631_20230130.pth 

backbone.stage1.1.short_conv.conv.weight - torch.Size([64, 128, 1, 1]): 
PretrainedInit: load from https://download.openmmlab.com/mmpose/v1/projects/rtmposev1/cspnext-l_udp-aic-coco_210e-256x192-273b7631_20230130.pth 

backbone.stage1.1.short_conv.bn.weight - torch.Size([64]): 
PretrainedInit: load from https://download.openmmlab.com/mmpose/v1/projects/rtmposev1/cspnext-l_udp-aic-coco_210e-256x192-273b7631_20230130.pth 

backbone.stage1.1.short_conv.bn.bias - torch.Size([64]): 
PretrainedInit: load from https://download.openmmlab.com/mmpose/v1/projects/rtmposev1/cspnext-l_udp-aic-coco_210e-256x192-273b7631_20230130.pth 

backbone.stage1.1.final_conv.conv.weight - torch.Size([128, 128, 1, 1]): 
PretrainedInit: load from https://download.openmmlab.com/mmpose/v1/projects/rtmposev1/cspnext-l_udp-aic-coco_210e-256x192-273b7631_20230130.pth 

backbone.stage1.1.final_conv.bn.weight - torch.Size([128]): 
PretrainedInit: load from https://download.openmmlab.com/mmpose/v1/projects/rtmposev1/cspnext-l_udp-aic-coco_210e-256x192-273b7631_20230130.pth 

backbone.stage1.1.final_conv.bn.bias - torch.Size([128]): 
PretrainedInit: load from https://download.openmmlab.com/mmpose/v1/projects/rtmposev1/cspnext-l_udp-aic-coco_210e-256x192-273b7631_20230130.pth 

backbone.stage1.1.blocks.0.conv1.conv.weight - torch.Size([64, 64, 3, 3]): 
PretrainedInit: load from https://download.openmmlab.com/mmpose/v1/projects/rtmposev1/cspnext-l_udp-aic-coco_210e-256x192-273b7631_20230130.pth 

backbone.stage1.1.blocks.0.conv1.bn.weight - torch.Size([64]): 
PretrainedInit: load from https://download.openmmlab.com/mmpose/v1/projects/rtmposev1/cspnext-l_udp-aic-coco_210e-256x192-273b7631_20230130.pth 

backbone.stage1.1.blocks.0.conv1.bn.bias - torch.Size([64]): 
PretrainedInit: load from https://download.openmmlab.com/mmpose/v1/projects/rtmposev1/cspnext-l_udp-aic-coco_210e-256x192-273b7631_20230130.pth 

backbone.stage1.1.blocks.0.conv2.depthwise_conv.conv.weight - torch.Size([64, 1, 5, 5]): 
PretrainedInit: load from https://download.openmmlab.com/mmpose/v1/projects/rtmposev1/cspnext-l_udp-aic-coco_210e-256x192-273b7631_20230130.pth 

backbone.stage1.1.blocks.0.conv2.depthwise_conv.bn.weight - torch.Size([64]): 
PretrainedInit: load from https://download.openmmlab.com/mmpose/v1/projects/rtmposev1/cspnext-l_udp-aic-coco_210e-256x192-273b7631_20230130.pth 

backbone.stage1.1.blocks.0.conv2.depthwise_conv.bn.bias - torch.Size([64]): 
PretrainedInit: load from https://download.openmmlab.com/mmpose/v1/projects/rtmposev1/cspnext-l_udp-aic-coco_210e-256x192-273b7631_20230130.pth 

backbone.stage1.1.blocks.0.conv2.pointwise_conv.conv.weight - torch.Size([64, 64, 1, 1]): 
PretrainedInit: load from https://download.openmmlab.com/mmpose/v1/projects/rtmposev1/cspnext-l_udp-aic-coco_210e-256x192-273b7631_20230130.pth 

backbone.stage1.1.blocks.0.conv2.pointwise_conv.bn.weight - torch.Size([64]): 
PretrainedInit: load from https://download.openmmlab.com/mmpose/v1/projects/rtmposev1/cspnext-l_udp-aic-coco_210e-256x192-273b7631_20230130.pth 

backbone.stage1.1.blocks.0.conv2.pointwise_conv.bn.bias - torch.Size([64]): 
PretrainedInit: load from https://download.openmmlab.com/mmpose/v1/projects/rtmposev1/cspnext-l_udp-aic-coco_210e-256x192-273b7631_20230130.pth 

backbone.stage1.1.blocks.1.conv1.conv.weight - torch.Size([64, 64, 3, 3]): 
PretrainedInit: load from https://download.openmmlab.com/mmpose/v1/projects/rtmposev1/cspnext-l_udp-aic-coco_210e-256x192-273b7631_20230130.pth 

backbone.stage1.1.blocks.1.conv1.bn.weight - torch.Size([64]): 
PretrainedInit: load from https://download.openmmlab.com/mmpose/v1/projects/rtmposev1/cspnext-l_udp-aic-coco_210e-256x192-273b7631_20230130.pth 

backbone.stage1.1.blocks.1.conv1.bn.bias - torch.Size([64]): 
PretrainedInit: load from https://download.openmmlab.com/mmpose/v1/projects/rtmposev1/cspnext-l_udp-aic-coco_210e-256x192-273b7631_20230130.pth 

backbone.stage1.1.blocks.1.conv2.depthwise_conv.conv.weight - torch.Size([64, 1, 5, 5]): 
PretrainedInit: load from https://download.openmmlab.com/mmpose/v1/projects/rtmposev1/cspnext-l_udp-aic-coco_210e-256x192-273b7631_20230130.pth 

backbone.stage1.1.blocks.1.conv2.depthwise_conv.bn.weight - torch.Size([64]): 
PretrainedInit: load from https://download.openmmlab.com/mmpose/v1/projects/rtmposev1/cspnext-l_udp-aic-coco_210e-256x192-273b7631_20230130.pth 

backbone.stage1.1.blocks.1.conv2.depthwise_conv.bn.bias - torch.Size([64]): 
PretrainedInit: load from https://download.openmmlab.com/mmpose/v1/projects/rtmposev1/cspnext-l_udp-aic-coco_210e-256x192-273b7631_20230130.pth 

backbone.stage1.1.blocks.1.conv2.pointwise_conv.conv.weight - torch.Size([64, 64, 1, 1]): 
PretrainedInit: load from https://download.openmmlab.com/mmpose/v1/projects/rtmposev1/cspnext-l_udp-aic-coco_210e-256x192-273b7631_20230130.pth 

backbone.stage1.1.blocks.1.conv2.pointwise_conv.bn.weight - torch.Size([64]): 
PretrainedInit: load from https://download.openmmlab.com/mmpose/v1/projects/rtmposev1/cspnext-l_udp-aic-coco_210e-256x192-273b7631_20230130.pth 

backbone.stage1.1.blocks.1.conv2.pointwise_conv.bn.bias - torch.Size([64]): 
PretrainedInit: load from https://download.openmmlab.com/mmpose/v1/projects/rtmposev1/cspnext-l_udp-aic-coco_210e-256x192-273b7631_20230130.pth 

backbone.stage1.1.blocks.2.conv1.conv.weight - torch.Size([64, 64, 3, 3]): 
PretrainedInit: load from https://download.openmmlab.com/mmpose/v1/projects/rtmposev1/cspnext-l_udp-aic-coco_210e-256x192-273b7631_20230130.pth 

backbone.stage1.1.blocks.2.conv1.bn.weight - torch.Size([64]): 
PretrainedInit: load from https://download.openmmlab.com/mmpose/v1/projects/rtmposev1/cspnext-l_udp-aic-coco_210e-256x192-273b7631_20230130.pth 

backbone.stage1.1.blocks.2.conv1.bn.bias - torch.Size([64]): 
PretrainedInit: load from https://download.openmmlab.com/mmpose/v1/projects/rtmposev1/cspnext-l_udp-aic-coco_210e-256x192-273b7631_20230130.pth 

backbone.stage1.1.blocks.2.conv2.depthwise_conv.conv.weight - torch.Size([64, 1, 5, 5]): 
PretrainedInit: load from https://download.openmmlab.com/mmpose/v1/projects/rtmposev1/cspnext-l_udp-aic-coco_210e-256x192-273b7631_20230130.pth 

backbone.stage1.1.blocks.2.conv2.depthwise_conv.bn.weight - torch.Size([64]): 
PretrainedInit: load from https://download.openmmlab.com/mmpose/v1/projects/rtmposev1/cspnext-l_udp-aic-coco_210e-256x192-273b7631_20230130.pth 

backbone.stage1.1.blocks.2.conv2.depthwise_conv.bn.bias - torch.Size([64]): 
PretrainedInit: load from https://download.openmmlab.com/mmpose/v1/projects/rtmposev1/cspnext-l_udp-aic-coco_210e-256x192-273b7631_20230130.pth 

backbone.stage1.1.blocks.2.conv2.pointwise_conv.conv.weight - torch.Size([64, 64, 1, 1]): 
PretrainedInit: load from https://download.openmmlab.com/mmpose/v1/projects/rtmposev1/cspnext-l_udp-aic-coco_210e-256x192-273b7631_20230130.pth 

backbone.stage1.1.blocks.2.conv2.pointwise_conv.bn.weight - torch.Size([64]): 
PretrainedInit: load from https://download.openmmlab.com/mmpose/v1/projects/rtmposev1/cspnext-l_udp-aic-coco_210e-256x192-273b7631_20230130.pth 

backbone.stage1.1.blocks.2.conv2.pointwise_conv.bn.bias - torch.Size([64]): 
PretrainedInit: load from https://download.openmmlab.com/mmpose/v1/projects/rtmposev1/cspnext-l_udp-aic-coco_210e-256x192-273b7631_20230130.pth 

backbone.stage1.1.attention.fc.weight - torch.Size([128, 128, 1, 1]): 
PretrainedInit: load from https://download.openmmlab.com/mmpose/v1/projects/rtmposev1/cspnext-l_udp-aic-coco_210e-256x192-273b7631_20230130.pth 

backbone.stage1.1.attention.fc.bias - torch.Size([128]): 
PretrainedInit: load from https://download.openmmlab.com/mmpose/v1/projects/rtmposev1/cspnext-l_udp-aic-coco_210e-256x192-273b7631_20230130.pth 

backbone.stage2.0.conv.weight - torch.Size([256, 128, 3, 3]): 
PretrainedInit: load from https://download.openmmlab.com/mmpose/v1/projects/rtmposev1/cspnext-l_udp-aic-coco_210e-256x192-273b7631_20230130.pth 

backbone.stage2.0.bn.weight - torch.Size([256]): 
PretrainedInit: load from https://download.openmmlab.com/mmpose/v1/projects/rtmposev1/cspnext-l_udp-aic-coco_210e-256x192-273b7631_20230130.pth 

backbone.stage2.0.bn.bias - torch.Size([256]): 
PretrainedInit: load from https://download.openmmlab.com/mmpose/v1/projects/rtmposev1/cspnext-l_udp-aic-coco_210e-256x192-273b7631_20230130.pth 

backbone.stage2.1.main_conv.conv.weight - torch.Size([128, 256, 1, 1]): 
PretrainedInit: load from https://download.openmmlab.com/mmpose/v1/projects/rtmposev1/cspnext-l_udp-aic-coco_210e-256x192-273b7631_20230130.pth 

backbone.stage2.1.main_conv.bn.weight - torch.Size([128]): 
PretrainedInit: load from https://download.openmmlab.com/mmpose/v1/projects/rtmposev1/cspnext-l_udp-aic-coco_210e-256x192-273b7631_20230130.pth 

backbone.stage2.1.main_conv.bn.bias - torch.Size([128]): 
PretrainedInit: load from https://download.openmmlab.com/mmpose/v1/projects/rtmposev1/cspnext-l_udp-aic-coco_210e-256x192-273b7631_20230130.pth 

backbone.stage2.1.short_conv.conv.weight - torch.Size([128, 256, 1, 1]): 
PretrainedInit: load from https://download.openmmlab.com/mmpose/v1/projects/rtmposev1/cspnext-l_udp-aic-coco_210e-256x192-273b7631_20230130.pth 

backbone.stage2.1.short_conv.bn.weight - torch.Size([128]): 
PretrainedInit: load from https://download.openmmlab.com/mmpose/v1/projects/rtmposev1/cspnext-l_udp-aic-coco_210e-256x192-273b7631_20230130.pth 

backbone.stage2.1.short_conv.bn.bias - torch.Size([128]): 
PretrainedInit: load from https://download.openmmlab.com/mmpose/v1/projects/rtmposev1/cspnext-l_udp-aic-coco_210e-256x192-273b7631_20230130.pth 

backbone.stage2.1.final_conv.conv.weight - torch.Size([256, 256, 1, 1]): 
PretrainedInit: load from https://download.openmmlab.com/mmpose/v1/projects/rtmposev1/cspnext-l_udp-aic-coco_210e-256x192-273b7631_20230130.pth 

backbone.stage2.1.final_conv.bn.weight - torch.Size([256]): 
PretrainedInit: load from https://download.openmmlab.com/mmpose/v1/projects/rtmposev1/cspnext-l_udp-aic-coco_210e-256x192-273b7631_20230130.pth 

backbone.stage2.1.final_conv.bn.bias - torch.Size([256]): 
PretrainedInit: load from https://download.openmmlab.com/mmpose/v1/projects/rtmposev1/cspnext-l_udp-aic-coco_210e-256x192-273b7631_20230130.pth 

backbone.stage2.1.blocks.0.conv1.conv.weight - torch.Size([128, 128, 3, 3]): 
PretrainedInit: load from https://download.openmmlab.com/mmpose/v1/projects/rtmposev1/cspnext-l_udp-aic-coco_210e-256x192-273b7631_20230130.pth 

backbone.stage2.1.blocks.0.conv1.bn.weight - torch.Size([128]): 
PretrainedInit: load from https://download.openmmlab.com/mmpose/v1/projects/rtmposev1/cspnext-l_udp-aic-coco_210e-256x192-273b7631_20230130.pth 

backbone.stage2.1.blocks.0.conv1.bn.bias - torch.Size([128]): 
PretrainedInit: load from https://download.openmmlab.com/mmpose/v1/projects/rtmposev1/cspnext-l_udp-aic-coco_210e-256x192-273b7631_20230130.pth 

backbone.stage2.1.blocks.0.conv2.depthwise_conv.conv.weight - torch.Size([128, 1, 5, 5]): 
PretrainedInit: load from https://download.openmmlab.com/mmpose/v1/projects/rtmposev1/cspnext-l_udp-aic-coco_210e-256x192-273b7631_20230130.pth 

backbone.stage2.1.blocks.0.conv2.depthwise_conv.bn.weight - torch.Size([128]): 
PretrainedInit: load from https://download.openmmlab.com/mmpose/v1/projects/rtmposev1/cspnext-l_udp-aic-coco_210e-256x192-273b7631_20230130.pth 

backbone.stage2.1.blocks.0.conv2.depthwise_conv.bn.bias - torch.Size([128]): 
PretrainedInit: load from https://download.openmmlab.com/mmpose/v1/projects/rtmposev1/cspnext-l_udp-aic-coco_210e-256x192-273b7631_20230130.pth 

backbone.stage2.1.blocks.0.conv2.pointwise_conv.conv.weight - torch.Size([128, 128, 1, 1]): 
PretrainedInit: load from https://download.openmmlab.com/mmpose/v1/projects/rtmposev1/cspnext-l_udp-aic-coco_210e-256x192-273b7631_20230130.pth 

backbone.stage2.1.blocks.0.conv2.pointwise_conv.bn.weight - torch.Size([128]): 
PretrainedInit: load from https://download.openmmlab.com/mmpose/v1/projects/rtmposev1/cspnext-l_udp-aic-coco_210e-256x192-273b7631_20230130.pth 

backbone.stage2.1.blocks.0.conv2.pointwise_conv.bn.bias - torch.Size([128]): 
PretrainedInit: load from https://download.openmmlab.com/mmpose/v1/projects/rtmposev1/cspnext-l_udp-aic-coco_210e-256x192-273b7631_20230130.pth 

backbone.stage2.1.blocks.1.conv1.conv.weight - torch.Size([128, 128, 3, 3]): 
PretrainedInit: load from https://download.openmmlab.com/mmpose/v1/projects/rtmposev1/cspnext-l_udp-aic-coco_210e-256x192-273b7631_20230130.pth 

backbone.stage2.1.blocks.1.conv1.bn.weight - torch.Size([128]): 
PretrainedInit: load from https://download.openmmlab.com/mmpose/v1/projects/rtmposev1/cspnext-l_udp-aic-coco_210e-256x192-273b7631_20230130.pth 

backbone.stage2.1.blocks.1.conv1.bn.bias - torch.Size([128]): 
PretrainedInit: load from https://download.openmmlab.com/mmpose/v1/projects/rtmposev1/cspnext-l_udp-aic-coco_210e-256x192-273b7631_20230130.pth 

backbone.stage2.1.blocks.1.conv2.depthwise_conv.conv.weight - torch.Size([128, 1, 5, 5]): 
PretrainedInit: load from https://download.openmmlab.com/mmpose/v1/projects/rtmposev1/cspnext-l_udp-aic-coco_210e-256x192-273b7631_20230130.pth 

backbone.stage2.1.blocks.1.conv2.depthwise_conv.bn.weight - torch.Size([128]): 
PretrainedInit: load from https://download.openmmlab.com/mmpose/v1/projects/rtmposev1/cspnext-l_udp-aic-coco_210e-256x192-273b7631_20230130.pth 

backbone.stage2.1.blocks.1.conv2.depthwise_conv.bn.bias - torch.Size([128]): 
PretrainedInit: load from https://download.openmmlab.com/mmpose/v1/projects/rtmposev1/cspnext-l_udp-aic-coco_210e-256x192-273b7631_20230130.pth 

backbone.stage2.1.blocks.1.conv2.pointwise_conv.conv.weight - torch.Size([128, 128, 1, 1]): 
PretrainedInit: load from https://download.openmmlab.com/mmpose/v1/projects/rtmposev1/cspnext-l_udp-aic-coco_210e-256x192-273b7631_20230130.pth 

backbone.stage2.1.blocks.1.conv2.pointwise_conv.bn.weight - torch.Size([128]): 
PretrainedInit: load from https://download.openmmlab.com/mmpose/v1/projects/rtmposev1/cspnext-l_udp-aic-coco_210e-256x192-273b7631_20230130.pth 

backbone.stage2.1.blocks.1.conv2.pointwise_conv.bn.bias - torch.Size([128]): 
PretrainedInit: load from https://download.openmmlab.com/mmpose/v1/projects/rtmposev1/cspnext-l_udp-aic-coco_210e-256x192-273b7631_20230130.pth 

backbone.stage2.1.blocks.2.conv1.conv.weight - torch.Size([128, 128, 3, 3]): 
PretrainedInit: load from https://download.openmmlab.com/mmpose/v1/projects/rtmposev1/cspnext-l_udp-aic-coco_210e-256x192-273b7631_20230130.pth 

backbone.stage2.1.blocks.2.conv1.bn.weight - torch.Size([128]): 
PretrainedInit: load from https://download.openmmlab.com/mmpose/v1/projects/rtmposev1/cspnext-l_udp-aic-coco_210e-256x192-273b7631_20230130.pth 

backbone.stage2.1.blocks.2.conv1.bn.bias - torch.Size([128]): 
PretrainedInit: load from https://download.openmmlab.com/mmpose/v1/projects/rtmposev1/cspnext-l_udp-aic-coco_210e-256x192-273b7631_20230130.pth 

backbone.stage2.1.blocks.2.conv2.depthwise_conv.conv.weight - torch.Size([128, 1, 5, 5]): 
PretrainedInit: load from https://download.openmmlab.com/mmpose/v1/projects/rtmposev1/cspnext-l_udp-aic-coco_210e-256x192-273b7631_20230130.pth 

backbone.stage2.1.blocks.2.conv2.depthwise_conv.bn.weight - torch.Size([128]): 
PretrainedInit: load from https://download.openmmlab.com/mmpose/v1/projects/rtmposev1/cspnext-l_udp-aic-coco_210e-256x192-273b7631_20230130.pth 

backbone.stage2.1.blocks.2.conv2.depthwise_conv.bn.bias - torch.Size([128]): 
PretrainedInit: load from https://download.openmmlab.com/mmpose/v1/projects/rtmposev1/cspnext-l_udp-aic-coco_210e-256x192-273b7631_20230130.pth 

backbone.stage2.1.blocks.2.conv2.pointwise_conv.conv.weight - torch.Size([128, 128, 1, 1]): 
PretrainedInit: load from https://download.openmmlab.com/mmpose/v1/projects/rtmposev1/cspnext-l_udp-aic-coco_210e-256x192-273b7631_20230130.pth 

backbone.stage2.1.blocks.2.conv2.pointwise_conv.bn.weight - torch.Size([128]): 
PretrainedInit: load from https://download.openmmlab.com/mmpose/v1/projects/rtmposev1/cspnext-l_udp-aic-coco_210e-256x192-273b7631_20230130.pth 

backbone.stage2.1.blocks.2.conv2.pointwise_conv.bn.bias - torch.Size([128]): 
PretrainedInit: load from https://download.openmmlab.com/mmpose/v1/projects/rtmposev1/cspnext-l_udp-aic-coco_210e-256x192-273b7631_20230130.pth 

backbone.stage2.1.blocks.3.conv1.conv.weight - torch.Size([128, 128, 3, 3]): 
PretrainedInit: load from https://download.openmmlab.com/mmpose/v1/projects/rtmposev1/cspnext-l_udp-aic-coco_210e-256x192-273b7631_20230130.pth 

backbone.stage2.1.blocks.3.conv1.bn.weight - torch.Size([128]): 
PretrainedInit: load from https://download.openmmlab.com/mmpose/v1/projects/rtmposev1/cspnext-l_udp-aic-coco_210e-256x192-273b7631_20230130.pth 

backbone.stage2.1.blocks.3.conv1.bn.bias - torch.Size([128]): 
PretrainedInit: load from https://download.openmmlab.com/mmpose/v1/projects/rtmposev1/cspnext-l_udp-aic-coco_210e-256x192-273b7631_20230130.pth 

backbone.stage2.1.blocks.3.conv2.depthwise_conv.conv.weight - torch.Size([128, 1, 5, 5]): 
PretrainedInit: load from https://download.openmmlab.com/mmpose/v1/projects/rtmposev1/cspnext-l_udp-aic-coco_210e-256x192-273b7631_20230130.pth 

backbone.stage2.1.blocks.3.conv2.depthwise_conv.bn.weight - torch.Size([128]): 
PretrainedInit: load from https://download.openmmlab.com/mmpose/v1/projects/rtmposev1/cspnext-l_udp-aic-coco_210e-256x192-273b7631_20230130.pth 

backbone.stage2.1.blocks.3.conv2.depthwise_conv.bn.bias - torch.Size([128]): 
PretrainedInit: load from https://download.openmmlab.com/mmpose/v1/projects/rtmposev1/cspnext-l_udp-aic-coco_210e-256x192-273b7631_20230130.pth 

backbone.stage2.1.blocks.3.conv2.pointwise_conv.conv.weight - torch.Size([128, 128, 1, 1]): 
PretrainedInit: load from https://download.openmmlab.com/mmpose/v1/projects/rtmposev1/cspnext-l_udp-aic-coco_210e-256x192-273b7631_20230130.pth 

backbone.stage2.1.blocks.3.conv2.pointwise_conv.bn.weight - torch.Size([128]): 
PretrainedInit: load from https://download.openmmlab.com/mmpose/v1/projects/rtmposev1/cspnext-l_udp-aic-coco_210e-256x192-273b7631_20230130.pth 

backbone.stage2.1.blocks.3.conv2.pointwise_conv.bn.bias - torch.Size([128]): 
PretrainedInit: load from https://download.openmmlab.com/mmpose/v1/projects/rtmposev1/cspnext-l_udp-aic-coco_210e-256x192-273b7631_20230130.pth 

backbone.stage2.1.blocks.4.conv1.conv.weight - torch.Size([128, 128, 3, 3]): 
PretrainedInit: load from https://download.openmmlab.com/mmpose/v1/projects/rtmposev1/cspnext-l_udp-aic-coco_210e-256x192-273b7631_20230130.pth 

backbone.stage2.1.blocks.4.conv1.bn.weight - torch.Size([128]): 
PretrainedInit: load from https://download.openmmlab.com/mmpose/v1/projects/rtmposev1/cspnext-l_udp-aic-coco_210e-256x192-273b7631_20230130.pth 

backbone.stage2.1.blocks.4.conv1.bn.bias - torch.Size([128]): 
PretrainedInit: load from https://download.openmmlab.com/mmpose/v1/projects/rtmposev1/cspnext-l_udp-aic-coco_210e-256x192-273b7631_20230130.pth 

backbone.stage2.1.blocks.4.conv2.depthwise_conv.conv.weight - torch.Size([128, 1, 5, 5]): 
PretrainedInit: load from https://download.openmmlab.com/mmpose/v1/projects/rtmposev1/cspnext-l_udp-aic-coco_210e-256x192-273b7631_20230130.pth 

backbone.stage2.1.blocks.4.conv2.depthwise_conv.bn.weight - torch.Size([128]): 
PretrainedInit: load from https://download.openmmlab.com/mmpose/v1/projects/rtmposev1/cspnext-l_udp-aic-coco_210e-256x192-273b7631_20230130.pth 

backbone.stage2.1.blocks.4.conv2.depthwise_conv.bn.bias - torch.Size([128]): 
PretrainedInit: load from https://download.openmmlab.com/mmpose/v1/projects/rtmposev1/cspnext-l_udp-aic-coco_210e-256x192-273b7631_20230130.pth 

backbone.stage2.1.blocks.4.conv2.pointwise_conv.conv.weight - torch.Size([128, 128, 1, 1]): 
PretrainedInit: load from https://download.openmmlab.com/mmpose/v1/projects/rtmposev1/cspnext-l_udp-aic-coco_210e-256x192-273b7631_20230130.pth 

backbone.stage2.1.blocks.4.conv2.pointwise_conv.bn.weight - torch.Size([128]): 
PretrainedInit: load from https://download.openmmlab.com/mmpose/v1/projects/rtmposev1/cspnext-l_udp-aic-coco_210e-256x192-273b7631_20230130.pth 

backbone.stage2.1.blocks.4.conv2.pointwise_conv.bn.bias - torch.Size([128]): 
PretrainedInit: load from https://download.openmmlab.com/mmpose/v1/projects/rtmposev1/cspnext-l_udp-aic-coco_210e-256x192-273b7631_20230130.pth 

backbone.stage2.1.blocks.5.conv1.conv.weight - torch.Size([128, 128, 3, 3]): 
PretrainedInit: load from https://download.openmmlab.com/mmpose/v1/projects/rtmposev1/cspnext-l_udp-aic-coco_210e-256x192-273b7631_20230130.pth 

backbone.stage2.1.blocks.5.conv1.bn.weight - torch.Size([128]): 
PretrainedInit: load from https://download.openmmlab.com/mmpose/v1/projects/rtmposev1/cspnext-l_udp-aic-coco_210e-256x192-273b7631_20230130.pth 

backbone.stage2.1.blocks.5.conv1.bn.bias - torch.Size([128]): 
PretrainedInit: load from https://download.openmmlab.com/mmpose/v1/projects/rtmposev1/cspnext-l_udp-aic-coco_210e-256x192-273b7631_20230130.pth 

backbone.stage2.1.blocks.5.conv2.depthwise_conv.conv.weight - torch.Size([128, 1, 5, 5]): 
PretrainedInit: load from https://download.openmmlab.com/mmpose/v1/projects/rtmposev1/cspnext-l_udp-aic-coco_210e-256x192-273b7631_20230130.pth 

backbone.stage2.1.blocks.5.conv2.depthwise_conv.bn.weight - torch.Size([128]): 
PretrainedInit: load from https://download.openmmlab.com/mmpose/v1/projects/rtmposev1/cspnext-l_udp-aic-coco_210e-256x192-273b7631_20230130.pth 

backbone.stage2.1.blocks.5.conv2.depthwise_conv.bn.bias - torch.Size([128]): 
PretrainedInit: load from https://download.openmmlab.com/mmpose/v1/projects/rtmposev1/cspnext-l_udp-aic-coco_210e-256x192-273b7631_20230130.pth 

backbone.stage2.1.blocks.5.conv2.pointwise_conv.conv.weight - torch.Size([128, 128, 1, 1]): 
PretrainedInit: load from https://download.openmmlab.com/mmpose/v1/projects/rtmposev1/cspnext-l_udp-aic-coco_210e-256x192-273b7631_20230130.pth 

backbone.stage2.1.blocks.5.conv2.pointwise_conv.bn.weight - torch.Size([128]): 
PretrainedInit: load from https://download.openmmlab.com/mmpose/v1/projects/rtmposev1/cspnext-l_udp-aic-coco_210e-256x192-273b7631_20230130.pth 

backbone.stage2.1.blocks.5.conv2.pointwise_conv.bn.bias - torch.Size([128]): 
PretrainedInit: load from https://download.openmmlab.com/mmpose/v1/projects/rtmposev1/cspnext-l_udp-aic-coco_210e-256x192-273b7631_20230130.pth 

backbone.stage2.1.attention.fc.weight - torch.Size([256, 256, 1, 1]): 
PretrainedInit: load from https://download.openmmlab.com/mmpose/v1/projects/rtmposev1/cspnext-l_udp-aic-coco_210e-256x192-273b7631_20230130.pth 

backbone.stage2.1.attention.fc.bias - torch.Size([256]): 
PretrainedInit: load from https://download.openmmlab.com/mmpose/v1/projects/rtmposev1/cspnext-l_udp-aic-coco_210e-256x192-273b7631_20230130.pth 

backbone.stage3.0.conv.weight - torch.Size([512, 256, 3, 3]): 
PretrainedInit: load from https://download.openmmlab.com/mmpose/v1/projects/rtmposev1/cspnext-l_udp-aic-coco_210e-256x192-273b7631_20230130.pth 

backbone.stage3.0.bn.weight - torch.Size([512]): 
PretrainedInit: load from https://download.openmmlab.com/mmpose/v1/projects/rtmposev1/cspnext-l_udp-aic-coco_210e-256x192-273b7631_20230130.pth 

backbone.stage3.0.bn.bias - torch.Size([512]): 
PretrainedInit: load from https://download.openmmlab.com/mmpose/v1/projects/rtmposev1/cspnext-l_udp-aic-coco_210e-256x192-273b7631_20230130.pth 

backbone.stage3.1.main_conv.conv.weight - torch.Size([256, 512, 1, 1]): 
PretrainedInit: load from https://download.openmmlab.com/mmpose/v1/projects/rtmposev1/cspnext-l_udp-aic-coco_210e-256x192-273b7631_20230130.pth 

backbone.stage3.1.main_conv.bn.weight - torch.Size([256]): 
PretrainedInit: load from https://download.openmmlab.com/mmpose/v1/projects/rtmposev1/cspnext-l_udp-aic-coco_210e-256x192-273b7631_20230130.pth 

backbone.stage3.1.main_conv.bn.bias - torch.Size([256]): 
PretrainedInit: load from https://download.openmmlab.com/mmpose/v1/projects/rtmposev1/cspnext-l_udp-aic-coco_210e-256x192-273b7631_20230130.pth 

backbone.stage3.1.short_conv.conv.weight - torch.Size([256, 512, 1, 1]): 
PretrainedInit: load from https://download.openmmlab.com/mmpose/v1/projects/rtmposev1/cspnext-l_udp-aic-coco_210e-256x192-273b7631_20230130.pth 

backbone.stage3.1.short_conv.bn.weight - torch.Size([256]): 
PretrainedInit: load from https://download.openmmlab.com/mmpose/v1/projects/rtmposev1/cspnext-l_udp-aic-coco_210e-256x192-273b7631_20230130.pth 

backbone.stage3.1.short_conv.bn.bias - torch.Size([256]): 
PretrainedInit: load from https://download.openmmlab.com/mmpose/v1/projects/rtmposev1/cspnext-l_udp-aic-coco_210e-256x192-273b7631_20230130.pth 

backbone.stage3.1.final_conv.conv.weight - torch.Size([512, 512, 1, 1]): 
PretrainedInit: load from https://download.openmmlab.com/mmpose/v1/projects/rtmposev1/cspnext-l_udp-aic-coco_210e-256x192-273b7631_20230130.pth 

backbone.stage3.1.final_conv.bn.weight - torch.Size([512]): 
PretrainedInit: load from https://download.openmmlab.com/mmpose/v1/projects/rtmposev1/cspnext-l_udp-aic-coco_210e-256x192-273b7631_20230130.pth 

backbone.stage3.1.final_conv.bn.bias - torch.Size([512]): 
PretrainedInit: load from https://download.openmmlab.com/mmpose/v1/projects/rtmposev1/cspnext-l_udp-aic-coco_210e-256x192-273b7631_20230130.pth 

backbone.stage3.1.blocks.0.conv1.conv.weight - torch.Size([256, 256, 3, 3]): 
PretrainedInit: load from https://download.openmmlab.com/mmpose/v1/projects/rtmposev1/cspnext-l_udp-aic-coco_210e-256x192-273b7631_20230130.pth 

backbone.stage3.1.blocks.0.conv1.bn.weight - torch.Size([256]): 
PretrainedInit: load from https://download.openmmlab.com/mmpose/v1/projects/rtmposev1/cspnext-l_udp-aic-coco_210e-256x192-273b7631_20230130.pth 

backbone.stage3.1.blocks.0.conv1.bn.bias - torch.Size([256]): 
PretrainedInit: load from https://download.openmmlab.com/mmpose/v1/projects/rtmposev1/cspnext-l_udp-aic-coco_210e-256x192-273b7631_20230130.pth 

backbone.stage3.1.blocks.0.conv2.depthwise_conv.conv.weight - torch.Size([256, 1, 5, 5]): 
PretrainedInit: load from https://download.openmmlab.com/mmpose/v1/projects/rtmposev1/cspnext-l_udp-aic-coco_210e-256x192-273b7631_20230130.pth 

backbone.stage3.1.blocks.0.conv2.depthwise_conv.bn.weight - torch.Size([256]): 
PretrainedInit: load from https://download.openmmlab.com/mmpose/v1/projects/rtmposev1/cspnext-l_udp-aic-coco_210e-256x192-273b7631_20230130.pth 

backbone.stage3.1.blocks.0.conv2.depthwise_conv.bn.bias - torch.Size([256]): 
PretrainedInit: load from https://download.openmmlab.com/mmpose/v1/projects/rtmposev1/cspnext-l_udp-aic-coco_210e-256x192-273b7631_20230130.pth 

backbone.stage3.1.blocks.0.conv2.pointwise_conv.conv.weight - torch.Size([256, 256, 1, 1]): 
PretrainedInit: load from https://download.openmmlab.com/mmpose/v1/projects/rtmposev1/cspnext-l_udp-aic-coco_210e-256x192-273b7631_20230130.pth 

backbone.stage3.1.blocks.0.conv2.pointwise_conv.bn.weight - torch.Size([256]): 
PretrainedInit: load from https://download.openmmlab.com/mmpose/v1/projects/rtmposev1/cspnext-l_udp-aic-coco_210e-256x192-273b7631_20230130.pth 

backbone.stage3.1.blocks.0.conv2.pointwise_conv.bn.bias - torch.Size([256]): 
PretrainedInit: load from https://download.openmmlab.com/mmpose/v1/projects/rtmposev1/cspnext-l_udp-aic-coco_210e-256x192-273b7631_20230130.pth 

backbone.stage3.1.blocks.1.conv1.conv.weight - torch.Size([256, 256, 3, 3]): 
PretrainedInit: load from https://download.openmmlab.com/mmpose/v1/projects/rtmposev1/cspnext-l_udp-aic-coco_210e-256x192-273b7631_20230130.pth 

backbone.stage3.1.blocks.1.conv1.bn.weight - torch.Size([256]): 
PretrainedInit: load from https://download.openmmlab.com/mmpose/v1/projects/rtmposev1/cspnext-l_udp-aic-coco_210e-256x192-273b7631_20230130.pth 

backbone.stage3.1.blocks.1.conv1.bn.bias - torch.Size([256]): 
PretrainedInit: load from https://download.openmmlab.com/mmpose/v1/projects/rtmposev1/cspnext-l_udp-aic-coco_210e-256x192-273b7631_20230130.pth 

backbone.stage3.1.blocks.1.conv2.depthwise_conv.conv.weight - torch.Size([256, 1, 5, 5]): 
PretrainedInit: load from https://download.openmmlab.com/mmpose/v1/projects/rtmposev1/cspnext-l_udp-aic-coco_210e-256x192-273b7631_20230130.pth 

backbone.stage3.1.blocks.1.conv2.depthwise_conv.bn.weight - torch.Size([256]): 
PretrainedInit: load from https://download.openmmlab.com/mmpose/v1/projects/rtmposev1/cspnext-l_udp-aic-coco_210e-256x192-273b7631_20230130.pth 

backbone.stage3.1.blocks.1.conv2.depthwise_conv.bn.bias - torch.Size([256]): 
PretrainedInit: load from https://download.openmmlab.com/mmpose/v1/projects/rtmposev1/cspnext-l_udp-aic-coco_210e-256x192-273b7631_20230130.pth 

backbone.stage3.1.blocks.1.conv2.pointwise_conv.conv.weight - torch.Size([256, 256, 1, 1]): 
PretrainedInit: load from https://download.openmmlab.com/mmpose/v1/projects/rtmposev1/cspnext-l_udp-aic-coco_210e-256x192-273b7631_20230130.pth 

backbone.stage3.1.blocks.1.conv2.pointwise_conv.bn.weight - torch.Size([256]): 
PretrainedInit: load from https://download.openmmlab.com/mmpose/v1/projects/rtmposev1/cspnext-l_udp-aic-coco_210e-256x192-273b7631_20230130.pth 

backbone.stage3.1.blocks.1.conv2.pointwise_conv.bn.bias - torch.Size([256]): 
PretrainedInit: load from https://download.openmmlab.com/mmpose/v1/projects/rtmposev1/cspnext-l_udp-aic-coco_210e-256x192-273b7631_20230130.pth 

backbone.stage3.1.blocks.2.conv1.conv.weight - torch.Size([256, 256, 3, 3]): 
PretrainedInit: load from https://download.openmmlab.com/mmpose/v1/projects/rtmposev1/cspnext-l_udp-aic-coco_210e-256x192-273b7631_20230130.pth 

backbone.stage3.1.blocks.2.conv1.bn.weight - torch.Size([256]): 
PretrainedInit: load from https://download.openmmlab.com/mmpose/v1/projects/rtmposev1/cspnext-l_udp-aic-coco_210e-256x192-273b7631_20230130.pth 

backbone.stage3.1.blocks.2.conv1.bn.bias - torch.Size([256]): 
PretrainedInit: load from https://download.openmmlab.com/mmpose/v1/projects/rtmposev1/cspnext-l_udp-aic-coco_210e-256x192-273b7631_20230130.pth 

backbone.stage3.1.blocks.2.conv2.depthwise_conv.conv.weight - torch.Size([256, 1, 5, 5]): 
PretrainedInit: load from https://download.openmmlab.com/mmpose/v1/projects/rtmposev1/cspnext-l_udp-aic-coco_210e-256x192-273b7631_20230130.pth 

backbone.stage3.1.blocks.2.conv2.depthwise_conv.bn.weight - torch.Size([256]): 
PretrainedInit: load from https://download.openmmlab.com/mmpose/v1/projects/rtmposev1/cspnext-l_udp-aic-coco_210e-256x192-273b7631_20230130.pth 

backbone.stage3.1.blocks.2.conv2.depthwise_conv.bn.bias - torch.Size([256]): 
PretrainedInit: load from https://download.openmmlab.com/mmpose/v1/projects/rtmposev1/cspnext-l_udp-aic-coco_210e-256x192-273b7631_20230130.pth 

backbone.stage3.1.blocks.2.conv2.pointwise_conv.conv.weight - torch.Size([256, 256, 1, 1]): 
PretrainedInit: load from https://download.openmmlab.com/mmpose/v1/projects/rtmposev1/cspnext-l_udp-aic-coco_210e-256x192-273b7631_20230130.pth 

backbone.stage3.1.blocks.2.conv2.pointwise_conv.bn.weight - torch.Size([256]): 
PretrainedInit: load from https://download.openmmlab.com/mmpose/v1/projects/rtmposev1/cspnext-l_udp-aic-coco_210e-256x192-273b7631_20230130.pth 

backbone.stage3.1.blocks.2.conv2.pointwise_conv.bn.bias - torch.Size([256]): 
PretrainedInit: load from https://download.openmmlab.com/mmpose/v1/projects/rtmposev1/cspnext-l_udp-aic-coco_210e-256x192-273b7631_20230130.pth 

backbone.stage3.1.blocks.3.conv1.conv.weight - torch.Size([256, 256, 3, 3]): 
PretrainedInit: load from https://download.openmmlab.com/mmpose/v1/projects/rtmposev1/cspnext-l_udp-aic-coco_210e-256x192-273b7631_20230130.pth 

backbone.stage3.1.blocks.3.conv1.bn.weight - torch.Size([256]): 
PretrainedInit: load from https://download.openmmlab.com/mmpose/v1/projects/rtmposev1/cspnext-l_udp-aic-coco_210e-256x192-273b7631_20230130.pth 

backbone.stage3.1.blocks.3.conv1.bn.bias - torch.Size([256]): 
PretrainedInit: load from https://download.openmmlab.com/mmpose/v1/projects/rtmposev1/cspnext-l_udp-aic-coco_210e-256x192-273b7631_20230130.pth 

backbone.stage3.1.blocks.3.conv2.depthwise_conv.conv.weight - torch.Size([256, 1, 5, 5]): 
PretrainedInit: load from https://download.openmmlab.com/mmpose/v1/projects/rtmposev1/cspnext-l_udp-aic-coco_210e-256x192-273b7631_20230130.pth 

backbone.stage3.1.blocks.3.conv2.depthwise_conv.bn.weight - torch.Size([256]): 
PretrainedInit: load from https://download.openmmlab.com/mmpose/v1/projects/rtmposev1/cspnext-l_udp-aic-coco_210e-256x192-273b7631_20230130.pth 

backbone.stage3.1.blocks.3.conv2.depthwise_conv.bn.bias - torch.Size([256]): 
PretrainedInit: load from https://download.openmmlab.com/mmpose/v1/projects/rtmposev1/cspnext-l_udp-aic-coco_210e-256x192-273b7631_20230130.pth 

backbone.stage3.1.blocks.3.conv2.pointwise_conv.conv.weight - torch.Size([256, 256, 1, 1]): 
PretrainedInit: load from https://download.openmmlab.com/mmpose/v1/projects/rtmposev1/cspnext-l_udp-aic-coco_210e-256x192-273b7631_20230130.pth 

backbone.stage3.1.blocks.3.conv2.pointwise_conv.bn.weight - torch.Size([256]): 
PretrainedInit: load from https://download.openmmlab.com/mmpose/v1/projects/rtmposev1/cspnext-l_udp-aic-coco_210e-256x192-273b7631_20230130.pth 

backbone.stage3.1.blocks.3.conv2.pointwise_conv.bn.bias - torch.Size([256]): 
PretrainedInit: load from https://download.openmmlab.com/mmpose/v1/projects/rtmposev1/cspnext-l_udp-aic-coco_210e-256x192-273b7631_20230130.pth 

backbone.stage3.1.blocks.4.conv1.conv.weight - torch.Size([256, 256, 3, 3]): 
PretrainedInit: load from https://download.openmmlab.com/mmpose/v1/projects/rtmposev1/cspnext-l_udp-aic-coco_210e-256x192-273b7631_20230130.pth 

backbone.stage3.1.blocks.4.conv1.bn.weight - torch.Size([256]): 
PretrainedInit: load from https://download.openmmlab.com/mmpose/v1/projects/rtmposev1/cspnext-l_udp-aic-coco_210e-256x192-273b7631_20230130.pth 

backbone.stage3.1.blocks.4.conv1.bn.bias - torch.Size([256]): 
PretrainedInit: load from https://download.openmmlab.com/mmpose/v1/projects/rtmposev1/cspnext-l_udp-aic-coco_210e-256x192-273b7631_20230130.pth 

backbone.stage3.1.blocks.4.conv2.depthwise_conv.conv.weight - torch.Size([256, 1, 5, 5]): 
PretrainedInit: load from https://download.openmmlab.com/mmpose/v1/projects/rtmposev1/cspnext-l_udp-aic-coco_210e-256x192-273b7631_20230130.pth 

backbone.stage3.1.blocks.4.conv2.depthwise_conv.bn.weight - torch.Size([256]): 
PretrainedInit: load from https://download.openmmlab.com/mmpose/v1/projects/rtmposev1/cspnext-l_udp-aic-coco_210e-256x192-273b7631_20230130.pth 

backbone.stage3.1.blocks.4.conv2.depthwise_conv.bn.bias - torch.Size([256]): 
PretrainedInit: load from https://download.openmmlab.com/mmpose/v1/projects/rtmposev1/cspnext-l_udp-aic-coco_210e-256x192-273b7631_20230130.pth 

backbone.stage3.1.blocks.4.conv2.pointwise_conv.conv.weight - torch.Size([256, 256, 1, 1]): 
PretrainedInit: load from https://download.openmmlab.com/mmpose/v1/projects/rtmposev1/cspnext-l_udp-aic-coco_210e-256x192-273b7631_20230130.pth 

backbone.stage3.1.blocks.4.conv2.pointwise_conv.bn.weight - torch.Size([256]): 
PretrainedInit: load from https://download.openmmlab.com/mmpose/v1/projects/rtmposev1/cspnext-l_udp-aic-coco_210e-256x192-273b7631_20230130.pth 

backbone.stage3.1.blocks.4.conv2.pointwise_conv.bn.bias - torch.Size([256]): 
PretrainedInit: load from https://download.openmmlab.com/mmpose/v1/projects/rtmposev1/cspnext-l_udp-aic-coco_210e-256x192-273b7631_20230130.pth 

backbone.stage3.1.blocks.5.conv1.conv.weight - torch.Size([256, 256, 3, 3]): 
PretrainedInit: load from https://download.openmmlab.com/mmpose/v1/projects/rtmposev1/cspnext-l_udp-aic-coco_210e-256x192-273b7631_20230130.pth 

backbone.stage3.1.blocks.5.conv1.bn.weight - torch.Size([256]): 
PretrainedInit: load from https://download.openmmlab.com/mmpose/v1/projects/rtmposev1/cspnext-l_udp-aic-coco_210e-256x192-273b7631_20230130.pth 

backbone.stage3.1.blocks.5.conv1.bn.bias - torch.Size([256]): 
PretrainedInit: load from https://download.openmmlab.com/mmpose/v1/projects/rtmposev1/cspnext-l_udp-aic-coco_210e-256x192-273b7631_20230130.pth 

backbone.stage3.1.blocks.5.conv2.depthwise_conv.conv.weight - torch.Size([256, 1, 5, 5]): 
PretrainedInit: load from https://download.openmmlab.com/mmpose/v1/projects/rtmposev1/cspnext-l_udp-aic-coco_210e-256x192-273b7631_20230130.pth 

backbone.stage3.1.blocks.5.conv2.depthwise_conv.bn.weight - torch.Size([256]): 
PretrainedInit: load from https://download.openmmlab.com/mmpose/v1/projects/rtmposev1/cspnext-l_udp-aic-coco_210e-256x192-273b7631_20230130.pth 

backbone.stage3.1.blocks.5.conv2.depthwise_conv.bn.bias - torch.Size([256]): 
PretrainedInit: load from https://download.openmmlab.com/mmpose/v1/projects/rtmposev1/cspnext-l_udp-aic-coco_210e-256x192-273b7631_20230130.pth 

backbone.stage3.1.blocks.5.conv2.pointwise_conv.conv.weight - torch.Size([256, 256, 1, 1]): 
PretrainedInit: load from https://download.openmmlab.com/mmpose/v1/projects/rtmposev1/cspnext-l_udp-aic-coco_210e-256x192-273b7631_20230130.pth 

backbone.stage3.1.blocks.5.conv2.pointwise_conv.bn.weight - torch.Size([256]): 
PretrainedInit: load from https://download.openmmlab.com/mmpose/v1/projects/rtmposev1/cspnext-l_udp-aic-coco_210e-256x192-273b7631_20230130.pth 

backbone.stage3.1.blocks.5.conv2.pointwise_conv.bn.bias - torch.Size([256]): 
PretrainedInit: load from https://download.openmmlab.com/mmpose/v1/projects/rtmposev1/cspnext-l_udp-aic-coco_210e-256x192-273b7631_20230130.pth 

backbone.stage3.1.attention.fc.weight - torch.Size([512, 512, 1, 1]): 
PretrainedInit: load from https://download.openmmlab.com/mmpose/v1/projects/rtmposev1/cspnext-l_udp-aic-coco_210e-256x192-273b7631_20230130.pth 

backbone.stage3.1.attention.fc.bias - torch.Size([512]): 
PretrainedInit: load from https://download.openmmlab.com/mmpose/v1/projects/rtmposev1/cspnext-l_udp-aic-coco_210e-256x192-273b7631_20230130.pth 

backbone.stage4.0.conv.weight - torch.Size([1024, 512, 3, 3]): 
PretrainedInit: load from https://download.openmmlab.com/mmpose/v1/projects/rtmposev1/cspnext-l_udp-aic-coco_210e-256x192-273b7631_20230130.pth 

backbone.stage4.0.bn.weight - torch.Size([1024]): 
PretrainedInit: load from https://download.openmmlab.com/mmpose/v1/projects/rtmposev1/cspnext-l_udp-aic-coco_210e-256x192-273b7631_20230130.pth 

backbone.stage4.0.bn.bias - torch.Size([1024]): 
PretrainedInit: load from https://download.openmmlab.com/mmpose/v1/projects/rtmposev1/cspnext-l_udp-aic-coco_210e-256x192-273b7631_20230130.pth 

backbone.stage4.1.conv1.conv.weight - torch.Size([512, 1024, 1, 1]): 
PretrainedInit: load from https://download.openmmlab.com/mmpose/v1/projects/rtmposev1/cspnext-l_udp-aic-coco_210e-256x192-273b7631_20230130.pth 

backbone.stage4.1.conv1.bn.weight - torch.Size([512]): 
PretrainedInit: load from https://download.openmmlab.com/mmpose/v1/projects/rtmposev1/cspnext-l_udp-aic-coco_210e-256x192-273b7631_20230130.pth 

backbone.stage4.1.conv1.bn.bias - torch.Size([512]): 
PretrainedInit: load from https://download.openmmlab.com/mmpose/v1/projects/rtmposev1/cspnext-l_udp-aic-coco_210e-256x192-273b7631_20230130.pth 

backbone.stage4.1.conv2.conv.weight - torch.Size([1024, 2048, 1, 1]): 
PretrainedInit: load from https://download.openmmlab.com/mmpose/v1/projects/rtmposev1/cspnext-l_udp-aic-coco_210e-256x192-273b7631_20230130.pth 

backbone.stage4.1.conv2.bn.weight - torch.Size([1024]): 
PretrainedInit: load from https://download.openmmlab.com/mmpose/v1/projects/rtmposev1/cspnext-l_udp-aic-coco_210e-256x192-273b7631_20230130.pth 

backbone.stage4.1.conv2.bn.bias - torch.Size([1024]): 
PretrainedInit: load from https://download.openmmlab.com/mmpose/v1/projects/rtmposev1/cspnext-l_udp-aic-coco_210e-256x192-273b7631_20230130.pth 

backbone.stage4.2.main_conv.conv.weight - torch.Size([512, 1024, 1, 1]): 
PretrainedInit: load from https://download.openmmlab.com/mmpose/v1/projects/rtmposev1/cspnext-l_udp-aic-coco_210e-256x192-273b7631_20230130.pth 

backbone.stage4.2.main_conv.bn.weight - torch.Size([512]): 
PretrainedInit: load from https://download.openmmlab.com/mmpose/v1/projects/rtmposev1/cspnext-l_udp-aic-coco_210e-256x192-273b7631_20230130.pth 

backbone.stage4.2.main_conv.bn.bias - torch.Size([512]): 
PretrainedInit: load from https://download.openmmlab.com/mmpose/v1/projects/rtmposev1/cspnext-l_udp-aic-coco_210e-256x192-273b7631_20230130.pth 

backbone.stage4.2.short_conv.conv.weight - torch.Size([512, 1024, 1, 1]): 
PretrainedInit: load from https://download.openmmlab.com/mmpose/v1/projects/rtmposev1/cspnext-l_udp-aic-coco_210e-256x192-273b7631_20230130.pth 

backbone.stage4.2.short_conv.bn.weight - torch.Size([512]): 
PretrainedInit: load from https://download.openmmlab.com/mmpose/v1/projects/rtmposev1/cspnext-l_udp-aic-coco_210e-256x192-273b7631_20230130.pth 

backbone.stage4.2.short_conv.bn.bias - torch.Size([512]): 
PretrainedInit: load from https://download.openmmlab.com/mmpose/v1/projects/rtmposev1/cspnext-l_udp-aic-coco_210e-256x192-273b7631_20230130.pth 

backbone.stage4.2.final_conv.conv.weight - torch.Size([1024, 1024, 1, 1]): 
PretrainedInit: load from https://download.openmmlab.com/mmpose/v1/projects/rtmposev1/cspnext-l_udp-aic-coco_210e-256x192-273b7631_20230130.pth 

backbone.stage4.2.final_conv.bn.weight - torch.Size([1024]): 
PretrainedInit: load from https://download.openmmlab.com/mmpose/v1/projects/rtmposev1/cspnext-l_udp-aic-coco_210e-256x192-273b7631_20230130.pth 

backbone.stage4.2.final_conv.bn.bias - torch.Size([1024]): 
PretrainedInit: load from https://download.openmmlab.com/mmpose/v1/projects/rtmposev1/cspnext-l_udp-aic-coco_210e-256x192-273b7631_20230130.pth 

backbone.stage4.2.blocks.0.conv1.conv.weight - torch.Size([512, 512, 3, 3]): 
PretrainedInit: load from https://download.openmmlab.com/mmpose/v1/projects/rtmposev1/cspnext-l_udp-aic-coco_210e-256x192-273b7631_20230130.pth 

backbone.stage4.2.blocks.0.conv1.bn.weight - torch.Size([512]): 
PretrainedInit: load from https://download.openmmlab.com/mmpose/v1/projects/rtmposev1/cspnext-l_udp-aic-coco_210e-256x192-273b7631_20230130.pth 

backbone.stage4.2.blocks.0.conv1.bn.bias - torch.Size([512]): 
PretrainedInit: load from https://download.openmmlab.com/mmpose/v1/projects/rtmposev1/cspnext-l_udp-aic-coco_210e-256x192-273b7631_20230130.pth 

backbone.stage4.2.blocks.0.conv2.depthwise_conv.conv.weight - torch.Size([512, 1, 5, 5]): 
PretrainedInit: load from https://download.openmmlab.com/mmpose/v1/projects/rtmposev1/cspnext-l_udp-aic-coco_210e-256x192-273b7631_20230130.pth 

backbone.stage4.2.blocks.0.conv2.depthwise_conv.bn.weight - torch.Size([512]): 
PretrainedInit: load from https://download.openmmlab.com/mmpose/v1/projects/rtmposev1/cspnext-l_udp-aic-coco_210e-256x192-273b7631_20230130.pth 

backbone.stage4.2.blocks.0.conv2.depthwise_conv.bn.bias - torch.Size([512]): 
PretrainedInit: load from https://download.openmmlab.com/mmpose/v1/projects/rtmposev1/cspnext-l_udp-aic-coco_210e-256x192-273b7631_20230130.pth 

backbone.stage4.2.blocks.0.conv2.pointwise_conv.conv.weight - torch.Size([512, 512, 1, 1]): 
PretrainedInit: load from https://download.openmmlab.com/mmpose/v1/projects/rtmposev1/cspnext-l_udp-aic-coco_210e-256x192-273b7631_20230130.pth 

backbone.stage4.2.blocks.0.conv2.pointwise_conv.bn.weight - torch.Size([512]): 
PretrainedInit: load from https://download.openmmlab.com/mmpose/v1/projects/rtmposev1/cspnext-l_udp-aic-coco_210e-256x192-273b7631_20230130.pth 

backbone.stage4.2.blocks.0.conv2.pointwise_conv.bn.bias - torch.Size([512]): 
PretrainedInit: load from https://download.openmmlab.com/mmpose/v1/projects/rtmposev1/cspnext-l_udp-aic-coco_210e-256x192-273b7631_20230130.pth 

backbone.stage4.2.blocks.1.conv1.conv.weight - torch.Size([512, 512, 3, 3]): 
PretrainedInit: load from https://download.openmmlab.com/mmpose/v1/projects/rtmposev1/cspnext-l_udp-aic-coco_210e-256x192-273b7631_20230130.pth 

backbone.stage4.2.blocks.1.conv1.bn.weight - torch.Size([512]): 
PretrainedInit: load from https://download.openmmlab.com/mmpose/v1/projects/rtmposev1/cspnext-l_udp-aic-coco_210e-256x192-273b7631_20230130.pth 

backbone.stage4.2.blocks.1.conv1.bn.bias - torch.Size([512]): 
PretrainedInit: load from https://download.openmmlab.com/mmpose/v1/projects/rtmposev1/cspnext-l_udp-aic-coco_210e-256x192-273b7631_20230130.pth 

backbone.stage4.2.blocks.1.conv2.depthwise_conv.conv.weight - torch.Size([512, 1, 5, 5]): 
PretrainedInit: load from https://download.openmmlab.com/mmpose/v1/projects/rtmposev1/cspnext-l_udp-aic-coco_210e-256x192-273b7631_20230130.pth 

backbone.stage4.2.blocks.1.conv2.depthwise_conv.bn.weight - torch.Size([512]): 
PretrainedInit: load from https://download.openmmlab.com/mmpose/v1/projects/rtmposev1/cspnext-l_udp-aic-coco_210e-256x192-273b7631_20230130.pth 

backbone.stage4.2.blocks.1.conv2.depthwise_conv.bn.bias - torch.Size([512]): 
PretrainedInit: load from https://download.openmmlab.com/mmpose/v1/projects/rtmposev1/cspnext-l_udp-aic-coco_210e-256x192-273b7631_20230130.pth 

backbone.stage4.2.blocks.1.conv2.pointwise_conv.conv.weight - torch.Size([512, 512, 1, 1]): 
PretrainedInit: load from https://download.openmmlab.com/mmpose/v1/projects/rtmposev1/cspnext-l_udp-aic-coco_210e-256x192-273b7631_20230130.pth 

backbone.stage4.2.blocks.1.conv2.pointwise_conv.bn.weight - torch.Size([512]): 
PretrainedInit: load from https://download.openmmlab.com/mmpose/v1/projects/rtmposev1/cspnext-l_udp-aic-coco_210e-256x192-273b7631_20230130.pth 

backbone.stage4.2.blocks.1.conv2.pointwise_conv.bn.bias - torch.Size([512]): 
PretrainedInit: load from https://download.openmmlab.com/mmpose/v1/projects/rtmposev1/cspnext-l_udp-aic-coco_210e-256x192-273b7631_20230130.pth 

backbone.stage4.2.blocks.2.conv1.conv.weight - torch.Size([512, 512, 3, 3]): 
PretrainedInit: load from https://download.openmmlab.com/mmpose/v1/projects/rtmposev1/cspnext-l_udp-aic-coco_210e-256x192-273b7631_20230130.pth 

backbone.stage4.2.blocks.2.conv1.bn.weight - torch.Size([512]): 
PretrainedInit: load from https://download.openmmlab.com/mmpose/v1/projects/rtmposev1/cspnext-l_udp-aic-coco_210e-256x192-273b7631_20230130.pth 

backbone.stage4.2.blocks.2.conv1.bn.bias - torch.Size([512]): 
PretrainedInit: load from https://download.openmmlab.com/mmpose/v1/projects/rtmposev1/cspnext-l_udp-aic-coco_210e-256x192-273b7631_20230130.pth 

backbone.stage4.2.blocks.2.conv2.depthwise_conv.conv.weight - torch.Size([512, 1, 5, 5]): 
PretrainedInit: load from https://download.openmmlab.com/mmpose/v1/projects/rtmposev1/cspnext-l_udp-aic-coco_210e-256x192-273b7631_20230130.pth 

backbone.stage4.2.blocks.2.conv2.depthwise_conv.bn.weight - torch.Size([512]): 
PretrainedInit: load from https://download.openmmlab.com/mmpose/v1/projects/rtmposev1/cspnext-l_udp-aic-coco_210e-256x192-273b7631_20230130.pth 

backbone.stage4.2.blocks.2.conv2.depthwise_conv.bn.bias - torch.Size([512]): 
PretrainedInit: load from https://download.openmmlab.com/mmpose/v1/projects/rtmposev1/cspnext-l_udp-aic-coco_210e-256x192-273b7631_20230130.pth 

backbone.stage4.2.blocks.2.conv2.pointwise_conv.conv.weight - torch.Size([512, 512, 1, 1]): 
PretrainedInit: load from https://download.openmmlab.com/mmpose/v1/projects/rtmposev1/cspnext-l_udp-aic-coco_210e-256x192-273b7631_20230130.pth 

backbone.stage4.2.blocks.2.conv2.pointwise_conv.bn.weight - torch.Size([512]): 
PretrainedInit: load from https://download.openmmlab.com/mmpose/v1/projects/rtmposev1/cspnext-l_udp-aic-coco_210e-256x192-273b7631_20230130.pth 

backbone.stage4.2.blocks.2.conv2.pointwise_conv.bn.bias - torch.Size([512]): 
PretrainedInit: load from https://download.openmmlab.com/mmpose/v1/projects/rtmposev1/cspnext-l_udp-aic-coco_210e-256x192-273b7631_20230130.pth 

backbone.stage4.2.attention.fc.weight - torch.Size([1024, 1024, 1, 1]): 
PretrainedInit: load from https://download.openmmlab.com/mmpose/v1/projects/rtmposev1/cspnext-l_udp-aic-coco_210e-256x192-273b7631_20230130.pth 

backbone.stage4.2.attention.fc.bias - torch.Size([1024]): 
PretrainedInit: load from https://download.openmmlab.com/mmpose/v1/projects/rtmposev1/cspnext-l_udp-aic-coco_210e-256x192-273b7631_20230130.pth 

head.final_layer.weight - torch.Size([17, 1024, 7, 7]): 
NormalInit: mean=0, std=0.001, bias=0 

head.final_layer.bias - torch.Size([17]): 
NormalInit: mean=0, std=0.001, bias=0 

head.mlp.0.g - torch.Size([1]): 
The value is the same before and after calling `init_weights` of TopdownPoseEstimator  

head.mlp.1.weight - torch.Size([256, 48]): 
NormalInit: mean=0, std=0.01, bias=0 

head.gau.gamma - torch.Size([2, 128]): 
The value is the same before and after calling `init_weights` of TopdownPoseEstimator  

head.gau.beta - torch.Size([2, 128]): 
The value is the same before and after calling `init_weights` of TopdownPoseEstimator  

head.gau.o.weight - torch.Size([256, 512]): 
NormalInit: mean=0, std=0.01, bias=0 

head.gau.uv.weight - torch.Size([1152, 256]): 
NormalInit: mean=0, std=0.01, bias=0 

head.gau.ln.g - torch.Size([1]): 
The value is the same before and after calling `init_weights` of TopdownPoseEstimator  

head.gau.res_scale.scale - torch.Size([256]): 
The value is the same before and after calling `init_weights` of TopdownPoseEstimator  

head.cls_x.weight - torch.Size([384, 256]): 
NormalInit: mean=0, std=0.01, bias=0 

head.cls_y.weight - torch.Size([512, 256]): 
NormalInit: mean=0, std=0.01, bias=0 
2026/03/31 00:37:10 - mmengine - WARNING - "FileClient" will be deprecated in future. Please use io functions in https://mmengine.readthedocs.io/en/latest/api/fileio.html#file-io
2026/03/31 00:37:10 - mmengine - WARNING - "HardDiskBackend" is the alias of "LocalBackend" and the former will be deprecated in future.
2026/03/31 00:37:10 - mmengine - INFO - Checkpoints will be saved to /home/tvem/anime/AniPose2/work_dirs/anime_rtmpose_large.
2026/03/31 00:37:18 - mmengine - INFO - Epoch(train)  [1][10/45]  base_lr: 9.509018e-06 lr: 9.509018e-06  eta: 0:05:24  time: 0.736623  data_time: 0.198817  memory: 1382  loss: 0.000476  loss_kpt: 0.000476  acc_pose: 0.016807
2026/03/31 00:37:21 - mmengine - INFO - Epoch(train)  [1][20/45]  base_lr: 1.951904e-05 lr: 1.951904e-05  eta: 0:03:57  time: 0.551314  data_time: 0.125533  memory: 1382  loss: 0.000445  loss_kpt: 0.000445  acc_pose: 0.000000
2026/03/31 00:37:26 - mmengine - INFO - Epoch(train)  [1][30/45]  base_lr: 2.952906e-05 lr: 2.952906e-05  eta: 0:03:40  time: 0.525187  data_time: 0.108042  memory: 1382  loss: 0.000396  loss_kpt: 0.000396  acc_pose: 0.008403
2026/03/31 00:37:30 - mmengine - INFO - Epoch(train)  [1][40/45]  base_lr: 3.953908e-05 lr: 3.953908e-05  eta: 0:03:19  time: 0.485793  data_time: 0.095037  memory: 1382  loss: 0.000359  loss_kpt: 0.000359  acc_pose: 0.025210
2026/03/31 00:37:31 - mmengine - INFO - Exp name: rtmpose-l_8xb256-420e_coco-256x192_20260331_003701
2026/03/31 00:37:36 - mmengine - INFO - Epoch(train)  [2][10/45]  base_lr: 5.455411e-05 lr: 5.455411e-05  eta: 0:03:08  time: 0.422040  data_time: 0.101413  memory: 1382  loss: 0.000305  loss_kpt: 0.000305  acc_pose: 0.023529
2026/03/31 00:37:40 - mmengine - INFO - Epoch(train)  [2][20/45]  base_lr: 6.456413e-05 lr: 6.456413e-05  eta: 0:02:58  time: 0.418446  data_time: 0.105478  memory: 1382  loss: 0.000259  loss_kpt: 0.000259  acc_pose: 0.026471
2026/03/31 00:37:45 - mmengine - INFO - Epoch(train)  [2][30/45]  base_lr: 7.457415e-05 lr: 7.457415e-05  eta: 0:02:53  time: 0.425287  data_time: 0.106521  memory: 1382  loss: 0.000225  loss_kpt: 0.000225  acc_pose: 0.025210
2026/03/31 00:37:50 - mmengine - INFO - Epoch(train)  [2][40/45]  base_lr: 8.458417e-05 lr: 8.458417e-05  eta: 0:02:49  time: 0.433473  data_time: 0.104708  memory: 1382  loss: 0.000215  loss_kpt: 0.000215  acc_pose: 0.015756
2026/03/31 00:37:51 - mmengine - INFO - Exp name: rtmpose-l_8xb256-420e_coco-256x192_20260331_003701
2026/03/31 00:37:59 - mmengine - INFO - Epoch(train)  [3][10/45]  base_lr: 9.959920e-05 lr: 9.959920e-05  eta: 0:02:49  time: 0.481167  data_time: 0.107891  memory: 1382  loss: 0.000210  loss_kpt: 0.000210  acc_pose: 0.039916
2026/03/31 00:38:03 - mmengine - INFO - Epoch(train)  [3][20/45]  base_lr: 1.096092e-04 lr: 1.096092e-04  eta: 0:02:43  time: 0.498577  data_time: 0.105965  memory: 1382  loss: 0.000208  loss_kpt: 0.000208  acc_pose: 0.014706
2026/03/31 00:38:08 - mmengine - INFO - Epoch(train)  [3][30/45]  base_lr: 1.196192e-04 lr: 1.196192e-04  eta: 0:02:38  time: 0.499781  data_time: 0.098899  memory: 1382  loss: 0.000204  loss_kpt: 0.000204  acc_pose: 0.087395
2026/03/31 00:38:11 - mmengine - INFO - Epoch(train)  [3][40/45]  base_lr: 1.296293e-04 lr: 1.296293e-04  eta: 0:02:28  time: 0.465325  data_time: 0.097511  memory: 1382  loss: 0.000205  loss_kpt: 0.000205  acc_pose: 0.077941
2026/03/31 00:38:11 - mmengine - INFO - Exp name: rtmpose-l_8xb256-420e_coco-256x192_20260331_003701
2026/03/31 00:38:15 - mmengine - INFO - Epoch(train)  [4][10/45]  base_lr: 1.446443e-04 lr: 1.446443e-04  eta: 0:02:16  time: 0.398494  data_time: 0.072340  memory: 1382  loss: 0.000204  loss_kpt: 0.000204  acc_pose: 0.098739
2026/03/31 00:38:19 - mmengine - INFO - Epoch(train)  [4][20/45]  base_lr: 1.546543e-04 lr: 1.546543e-04  eta: 0:02:11  time: 0.366519  data_time: 0.064521  memory: 1382  loss: 0.000201  loss_kpt: 0.000201  acc_pose: 0.139216
2026/03/31 00:38:23 - mmengine - INFO - Epoch(train)  [4][30/45]  base_lr: 1.646643e-04 lr: 1.646643e-04  eta: 0:02:05  time: 0.345146  data_time: 0.059116  memory: 1382  loss: 0.000200  loss_kpt: 0.000200  acc_pose: 0.223039
2026/03/31 00:38:26 - mmengine - INFO - Epoch(train)  [4][40/45]  base_lr: 1.746743e-04 lr: 1.746743e-04  eta: 0:01:58  time: 0.324308  data_time: 0.060841  memory: 1382  loss: 0.000192  loss_kpt: 0.000192  acc_pose: 0.213235
2026/03/31 00:38:26 - mmengine - INFO - Exp name: rtmpose-l_8xb256-420e_coco-256x192_20260331_003701
2026/03/31 00:38:30 - mmengine - INFO - Epoch(train)  [5][10/45]  base_lr: 1.896894e-04 lr: 1.896894e-04  eta: 0:01:49  time: 0.326367  data_time: 0.058794  memory: 1382  loss: 0.000183  loss_kpt: 0.000183  acc_pose: 0.368067
2026/03/31 00:38:33 - mmengine - INFO - Epoch(train)  [5][20/45]  base_lr: 1.996994e-04 lr: 1.996994e-04  eta: 0:01:43  time: 0.320272  data_time: 0.057016  memory: 1382  loss: 0.000178  loss_kpt: 0.000178  acc_pose: 0.362465
2026/03/31 00:38:35 - mmengine - INFO - Epoch(train)  [5][30/45]  base_lr: 2.097094e-04 lr: 2.097094e-04  eta: 0:01:36  time: 0.269149  data_time: 0.051316  memory: 1382  loss: 0.000175  loss_kpt: 0.000175  acc_pose: 0.260504
2026/03/31 00:38:37 - mmengine - INFO - Epoch(train)  [5][40/45]  base_lr: 2.197194e-04 lr: 2.197194e-04  eta: 0:01:31  time: 0.250311  data_time: 0.044971  memory: 1382  loss: 0.000170  loss_kpt: 0.000170  acc_pose: 0.291667
2026/03/31 00:38:38 - mmengine - INFO - Exp name: rtmpose-l_8xb256-420e_coco-256x192_20260331_003701
2026/03/31 00:38:38 - mmengine - INFO - Saving checkpoint at 5 epochs
2026/03/31 00:38:46 - mmengine - INFO - Epoch(val)  [5][10/45]    eta: 0:00:09  time: 0.283315  data_time: 0.142947  memory: 1382  
2026/03/31 00:38:48 - mmengine - INFO - Epoch(val)  [5][20/45]    eta: 0:00:05  time: 0.221165  data_time: 0.109441  memory: 562  
2026/03/31 00:38:50 - mmengine - INFO - Epoch(val)  [5][30/45]    eta: 0:00:03  time: 0.222068  data_time: 0.118452  memory: 562  
2026/03/31 00:38:51 - mmengine - INFO - Epoch(val)  [5][40/45]    eta: 0:00:00  time: 0.198906  data_time: 0.102032  memory: 562  
2026/03/31 00:38:52 - mmengine - INFO - Evaluating CocoMetric...
2026/03/31 00:38:52 - mmengine - INFO - Epoch(val) [5][45/45]    coco/AP: 0.133188  coco/AP .5: 0.405205  coco/AP .75: 0.032601  coco/AP (M): -1.000000  coco/AP (L): 0.133188  coco/AR: 0.157500  coco/AR .5: 0.472222  coco/AR .75: 0.083333  coco/AR (M): -1.000000  coco/AR (L): 0.157500  data_time: 0.098041  time: 0.189456
2026/03/31 00:38:53 - mmengine - INFO - The best checkpoint with 0.1332 coco/AP at 5 epoch is saved to best_coco_AP_epoch_5.pth.
2026/03/31 00:39:00 - mmengine - INFO - Epoch(train)  [6][10/45]  base_lr: 2.347345e-04 lr: 2.347345e-04  eta: 0:01:23  time: 0.253676  data_time: 0.048067  memory: 1382  loss: 0.000169  loss_kpt: 0.000169  acc_pose: 0.560924
2026/03/31 00:39:03 - mmengine - INFO - Epoch(train)  [6][20/45]  base_lr: 2.447445e-04 lr: 2.447445e-04  eta: 0:01:18  time: 0.264911  data_time: 0.050674  memory: 1382  loss: 0.000168  loss_kpt: 0.000168  acc_pose: 0.332633
2026/03/31 00:39:06 - mmengine - INFO - Epoch(train)  [6][30/45]  base_lr: 2.547545e-04 lr: 2.547545e-04  eta: 0:01:14  time: 0.276035  data_time: 0.054842  memory: 1382  loss: 0.000164  loss_kpt: 0.000164  acc_pose: 0.538515
2026/03/31 00:39:08 - mmengine - INFO - Epoch(train)  [6][40/45]  base_lr: 2.647645e-04 lr: 2.647645e-04  eta: 0:01:09  time: 0.271637  data_time: 0.054833  memory: 1382  loss: 0.000162  loss_kpt: 0.000162  acc_pose: 0.550000
2026/03/31 00:39:08 - mmengine - INFO - Exp name: rtmpose-l_8xb256-420e_coco-256x192_20260331_003701
2026/03/31 00:39:13 - mmengine - INFO - Epoch(train)  [7][10/45]  base_lr: 2.797796e-04 lr: 2.797796e-04  eta: 0:01:03  time: 0.289920  data_time: 0.058706  memory: 1382  loss: 0.000157  loss_kpt: 0.000157  acc_pose: 0.601821
2026/03/31 00:39:18 - mmengine - INFO - Epoch(train)  [7][20/45]  base_lr: 2.897896e-04 lr: 2.897896e-04  eta: 0:01:00  time: 0.339752  data_time: 0.080162  memory: 1382  loss: 0.000153  loss_kpt: 0.000153  acc_pose: 0.576261
2026/03/31 00:39:22 - mmengine - INFO - Epoch(train)  [7][30/45]  base_lr: 2.997996e-04 lr: 2.997996e-04  eta: 0:00:56  time: 0.344346  data_time: 0.079533  memory: 1382  loss: 0.000150  loss_kpt: 0.000150  acc_pose: 0.635294
2026/03/31 00:39:25 - mmengine - INFO - Epoch(train)  [7][40/45]  base_lr: 3.098096e-04 lr: 3.098096e-04  eta: 0:00:52  time: 0.355489  data_time: 0.081134  memory: 1382  loss: 0.000149  loss_kpt: 0.000149  acc_pose: 0.631162
2026/03/31 00:39:26 - mmengine - INFO - Exp name: rtmpose-l_8xb256-420e_coco-256x192_20260331_003701
2026/03/31 00:39:31 - mmengine - INFO - Epoch(train)  [8][10/45]  base_lr: 3.248246e-05 lr: 3.248246e-05  eta: 0:00:47  time: 0.397254  data_time: 0.085827  memory: 1382  loss: 0.000146  loss_kpt: 0.000146  acc_pose: 0.671919
2026/03/31 00:39:35 - mmengine - INFO - Epoch(train)  [8][20/45]  base_lr: 3.348347e-05 lr: 3.348347e-05  eta: 0:00:43  time: 0.389767  data_time: 0.063465  memory: 1382  loss: 0.000143  loss_kpt: 0.000143  acc_pose: 0.720588
2026/03/31 00:39:39 - mmengine - INFO - Epoch(train)  [8][30/45]  base_lr: 3.448447e-05 lr: 3.448447e-05  eta: 0:00:39  time: 0.380865  data_time: 0.057245  memory: 1382  loss: 0.000141  loss_kpt: 0.000141  acc_pose: 0.652941
2026/03/31 00:39:41 - mmengine - INFO - Epoch(train)  [8][40/45]  base_lr: 3.548547e-05 lr: 3.548547e-05  eta: 0:00:35  time: 0.349957  data_time: 0.052788  memory: 1382  loss: 0.000140  loss_kpt: 0.000140  acc_pose: 0.654412
2026/03/31 00:39:42 - mmengine - INFO - Exp name: rtmpose-l_8xb256-420e_coco-256x192_20260331_003701
2026/03/31 00:39:46 - mmengine - INFO - Epoch(train)  [9][10/45]  base_lr: 3.698697e-05 lr: 3.698697e-05  eta: 0:00:29  time: 0.351020  data_time: 0.063699  memory: 1382  loss: 0.000136  loss_kpt: 0.000136  acc_pose: 0.598039
2026/03/31 00:39:49 - mmengine - INFO - Epoch(train)  [9][20/45]  base_lr: 3.798798e-05 lr: 3.798798e-05  eta: 0:00:25  time: 0.317016  data_time: 0.057748  memory: 1382  loss: 0.000134  loss_kpt: 0.000134  acc_pose: 0.780882
2026/03/31 00:39:54 - mmengine - INFO - Epoch(train)  [9][30/45]  base_lr: 3.898898e-05 lr: 3.898898e-05  eta: 0:00:22  time: 0.341577  data_time: 0.069845  memory: 1382  loss: 0.000132  loss_kpt: 0.000132  acc_pose: 0.806723
2026/03/31 00:39:59 - mmengine - INFO - Epoch(train)  [9][40/45]  base_lr: 3.998998e-05 lr: 3.998998e-05  eta: 0:00:18  time: 0.374468  data_time: 0.077014  memory: 1382  loss: 0.000132  loss_kpt: 0.000132  acc_pose: 0.705882
2026/03/31 00:40:00 - mmengine - INFO - Exp name: rtmpose-l_8xb256-420e_coco-256x192_20260331_003701
2026/03/31 00:40:06 - mmengine - INFO - Epoch(train) [10][10/45]  base_lr: 4.149148e-06 lr: 4.149148e-06  eta: 0:00:13  time: 0.418119  data_time: 0.080385  memory: 1382  loss: 0.000132  loss_kpt: 0.000132  acc_pose: 0.655602
2026/03/31 00:40:11 - mmengine - INFO - Epoch(train) [10][20/45]  base_lr: 4.249248e-06 lr: 4.249248e-06  eta: 0:00:09  time: 0.465007  data_time: 0.092168  memory: 1382  loss: 0.000133  loss_kpt: 0.000133  acc_pose: 0.735294
2026/03/31 00:40:16 - mmengine - INFO - Epoch(train) [10][30/45]  base_lr: 4.349349e-06 lr: 4.349349e-06  eta: 0:00:05  time: 0.488098  data_time: 0.095674  memory: 1382  loss: 0.000131  loss_kpt: 0.000131  acc_pose: 0.666176
2026/03/31 00:40:20 - mmengine - INFO - Epoch(train) [10][40/45]  base_lr: 4.449449e-06 lr: 4.449449e-06  eta: 0:00:01  time: 0.471119  data_time: 0.089833  memory: 1382  loss: 0.000131  loss_kpt: 0.000131  acc_pose: 0.757003
2026/03/31 00:40:22 - mmengine - INFO - Exp name: rtmpose-l_8xb256-420e_coco-256x192_20260331_003701
2026/03/31 00:40:22 - mmengine - INFO - Saving checkpoint at 10 epochs
2026/03/31 00:40:28 - mmengine - INFO - Epoch(val) [10][10/45]    eta: 0:00:13  time: 0.211164  data_time: 0.120083  memory: 1382  
2026/03/31 00:40:31 - mmengine - INFO - Epoch(val) [10][20/45]    eta: 0:00:07  time: 0.223840  data_time: 0.129144  memory: 562  
2026/03/31 00:40:35 - mmengine - INFO - Epoch(val) [10][30/45]    eta: 0:00:05  time: 0.261375  data_time: 0.156287  memory: 562  
2026/03/31 00:40:38 - mmengine - INFO - Epoch(val) [10][40/45]    eta: 0:00:01  time: 0.283209  data_time: 0.168570  memory: 562  
2026/03/31 00:40:38 - mmengine - INFO - Evaluating CocoMetric...
2026/03/31 00:40:38 - mmengine - INFO - Epoch(val) [10][45/45]    coco/AP: 0.380045  coco/AP .5: 0.860465  coco/AP .75: 0.241066  coco/AP (M): -1.000000  coco/AP (L): 0.380045  coco/AR: 0.425833  coco/AR .5: 0.883333  coco/AR .75: 0.361111  coco/AR (M): -1.000000  coco/AR (L): 0.425833  data_time: 0.182594  time: 0.301794
2026/03/31 00:40:38 - mmengine - INFO - The previous best checkpoint /home/tvem/anime/AniPose2/work_dirs/anime_rtmpose_large/best_coco_AP_epoch_5.pth is removed
2026/03/31 00:40:40 - mmengine - INFO - The best checkpoint with 0.3800 coco/AP at 10 epoch is saved to best_coco_AP_epoch_10.pth.
